"","sampleID","taxon","wiSample_rel_abund","State","MonthofCollection","fullDataset_mean_rel_abund","fullDataset_med_rel_abund"
"1","1085","Cultivar Fungus",97.3984518394382,"ga","may",93.0169618259276,97.9725415070243
"2","1085","*Cladosporium*",0.00532013938765196,"ga","may",0.0533961759088995,0.00532013938765196
"3","1085","*Lecanicillium*",0.00532013938765196,"ga","may",0.125285630063773,0.00532013938765196
"4","1085","*Meyerozyma*",0.00532013938765196,"ga","may",2.06740736819999,0.00532013938765196
"5","1085","*Oberwinklerozyma*",0.00532013938765196,"ga","may",0.0544205001928202,0.00532013938765196
"6","1085","*Penicillium*",0.00532013938765196,"ga","may",0.0580739057323321,0.00532013938765196
"7","1085","*Scleroderma*",0.00532013938765196,"ga","may",0.0212485852553445,0.00532013938765196
"8","1085","*Trichoderma*",1.52421993456229,"ga","may",2.94862915714644,1.19760479041916
"9","1085","*Xylaria*",0.00532013938765196,"ga","may",0.0255118001824723,0.00532013938765196
"10","1085","Other",1.07732822599952,"ga","may",0.645860735844121,0.494851943491101
"11","1085","Unclassified<br>*Stephanosporaceae*",0.00532013938765196,"ga","may",1.0227528215966,0.00532013938765196
"12","1100","Cultivar Fungus",97.9725415070243,"ga","may",93.0169618259276,97.9725415070243
"13","1100","*Cladosporium*",0.00532013938765196,"ga","may",0.0533961759088995,0.00532013938765196
"14","1100","*Lecanicillium*",0.00532013938765196,"ga","may",0.125285630063773,0.00532013938765196
"15","1100","*Meyerozyma*",0.00532013938765196,"ga","may",2.06740736819999,0.00532013938765196
"16","1100","*Oberwinklerozyma*",0.00532013938765196,"ga","may",0.0544205001928202,0.00532013938765196
"17","1100","*Penicillium*",0.00532013938765196,"ga","may",0.0580739057323321,0.00532013938765196
"18","1100","*Scleroderma*",0.00798212005108557,"ga","may",0.0212485852553445,0.00532013938765196
"19","1100","*Trichoderma*",0.830140485312899,"ga","may",2.94862915714644,1.19760479041916
"20","1100","*Xylaria*",0.00532013938765196,"ga","may",0.0255118001824723,0.00532013938765196
"21","1100","Other",1.18933588761175,"ga","may",0.645860735844121,0.494851943491101
"22","1100","Unclassified<br>*Stephanosporaceae*",0.00532013938765196,"ga","may",1.0227528215966,0.00532013938765196
"23","1123","Cultivar Fungus",99.4413853642965,"ga","may",93.0169618259276,97.9725415070243
"24","1123","*Cladosporium*",0.00532013938765196,"ga","may",0.0533961759088995,0.00532013938765196
"25","1123","*Lecanicillium*",0.00532013938765196,"ga","may",0.125285630063773,0.00532013938765196
"26","1123","*Meyerozyma*",0.00532013938765196,"ga","may",2.06740736819999,0.00532013938765196
"27","1123","*Oberwinklerozyma*",0.00532013938765196,"ga","may",0.0544205001928202,0.00532013938765196
"28","1123","*Penicillium*",0.00532013938765196,"ga","may",0.0580739057323321,0.00532013938765196
"29","1123","*Scleroderma*",0.00532013938765196,"ga","may",0.0212485852553445,0.00532013938765196
"30","1123","*Trichoderma*",0.311228154177639,"ga","may",2.94862915714644,1.19760479041916
"31","1123","*Xylaria*",0.00532013938765196,"ga","may",0.0255118001824723,0.00532013938765196
"32","1123","Other",0.247386481525816,"ga","may",0.645860735844121,0.494851943491101
"33","1123","Unclassified<br>*Stephanosporaceae*",0.00532013938765196,"ga","may",1.0227528215966,0.00532013938765196
"34","1126","Cultivar Fungus",98.4677998563562,"ga","may",93.0169618259276,97.9725415070243
"35","1126","*Cladosporium*",0.0638416726518235,"ga","may",0.0533961759088995,0.00532013938765196
"36","1126","*Lecanicillium*",0.00532013938765196,"ga","may",0.125285630063773,0.00532013938765196
"37","1126","*Meyerozyma*",0.00532013938765196,"ga","may",2.06740736819999,0.00532013938765196
"38","1126","*Oberwinklerozyma*",0.00532013938765196,"ga","may",0.0544205001928202,0.00532013938765196
"39","1126","*Penicillium*",0.00532013938765196,"ga","may",0.0580739057323321,0.00532013938765196
"40","1126","*Scleroderma*",0.00532013938765196,"ga","may",0.0212485852553445,0.00532013938765196
"41","1126","*Trichoderma*",0.478812544888676,"ga","may",2.94862915714644,1.19760479041916
"42","1126","*Xylaria*",0.00532013938765196,"ga","may",0.0255118001824723,0.00532013938765196
"43","1126","Other",0.989545926103264,"ga","may",0.645860735844121,0.494851943491101
"44","1126","Unclassified<br>*Stephanosporaceae*",0.00532013938765196,"ga","may",1.0227528215966,0.00532013938765196
"45","1150","Cultivar Fungus",97.7245508982036,"ga","may",93.0169618259276,97.9725415070243
"46","1150","*Cladosporium*",0.0718562874251497,"ga","may",0.0533961759088995,0.00532013938765196
"47","1150","*Lecanicillium*",0.00532013938765196,"ga","may",0.125285630063773,0.00532013938765196
"48","1150","*Meyerozyma*",0.00532013938765196,"ga","may",2.06740736819999,0.00532013938765196
"49","1150","*Oberwinklerozyma*",0.00532013938765196,"ga","may",0.0544205001928202,0.00532013938765196
"50","1150","*Penicillium*",0.00532013938765196,"ga","may",0.0580739057323321,0.00532013938765196
"51","1150","*Scleroderma*",0.00532013938765196,"ga","may",0.0212485852553445,0.00532013938765196
"52","1150","*Trichoderma*",1.19760479041916,"ga","may",2.94862915714644,1.19760479041916
"53","1150","*Xylaria*",0.00532013938765196,"ga","may",0.0255118001824723,0.00532013938765196
"54","1150","Other",1.0059880239521,"ga","may",0.645860735844121,0.494851943491101
"55","1150","Unclassified<br>*Stephanosporaceae*",0.00532013938765196,"ga","may",1.0227528215966,0.00532013938765196
"56","1165","Cultivar Fungus",99.3855239007262,"ga","may",93.0169618259276,97.9725415070243
"57","1165","*Cladosporium*",0.00532013938765196,"ga","may",0.0533961759088995,0.00532013938765196
"58","1165","*Lecanicillium*",0.00532013938765196,"ga","may",0.125285630063773,0.00532013938765196
"59","1165","*Meyerozyma*",0.00532013938765196,"ga","may",2.06740736819999,0.00532013938765196
"60","1165","*Oberwinklerozyma*",0.00532013938765196,"ga","may",0.0544205001928202,0.00532013938765196
"61","1165","*Penicillium*",0.00532013938765196,"ga","may",0.0580739057323321,0.00532013938765196
"62","1165","*Scleroderma*",0.00532013938765196,"ga","may",0.0212485852553445,0.00532013938765196
"63","1165","*Trichoderma*",0.438911499481286,"ga","may",2.94862915714644,1.19760479041916
"64","1165","*Xylaria*",0.00532013938765196,"ga","may",0.0255118001824723,0.00532013938765196
"65","1165","Other",0.175564599792515,"ga","may",0.645860735844121,0.494851943491101
"66","1165","Unclassified<br>*Stephanosporaceae*",0.00532013938765196,"ga","may",1.0227528215966,0.00532013938765196
"67","1174","Cultivar Fungus",98.6832655015561,"ga","may",93.0169618259276,97.9725415070243
"68","1174","*Cladosporium*",0.0319208363259117,"ga","may",0.0533961759088995,0.00532013938765196
"69","1174","*Lecanicillium*",0.00532013938765196,"ga","may",0.125285630063773,0.00532013938765196
"70","1174","*Meyerozyma*",0.00532013938765196,"ga","may",2.06740736819999,0.00532013938765196
"71","1174","*Oberwinklerozyma*",0.00532013938765196,"ga","may",0.0544205001928202,0.00532013938765196
"72","1174","*Penicillium*",0.00532013938765196,"ga","may",0.0580739057323321,0.00532013938765196
"73","1174","*Scleroderma*",0.00532013938765196,"ga","may",0.0212485852553445,0.00532013938765196
"74","1174","*Trichoderma*",1.14915010773282,"ga","may",2.94862915714644,1.19760479041916
"75","1174","*Xylaria*",0.00532013938765196,"ga","may",0.0255118001824723,0.00532013938765196
"76","1174","Other",0.135663554385125,"ga","may",0.645860735844121,0.494851943491101
"77","1174","Unclassified<br>*Stephanosporaceae*",0.00532013938765196,"ga","may",1.0227528215966,0.00532013938765196
"78","1184","Cultivar Fungus",99.1461176282819,"ga","may",93.0169618259276,97.9725415070243
"79","1184","*Cladosporium*",0.00532013938765196,"ga","may",0.0533961759088995,0.00532013938765196
"80","1184","*Lecanicillium*",0.00532013938765196,"ga","may",0.125285630063773,0.00532013938765196
"81","1184","*Meyerozyma*",0.00532013938765196,"ga","may",2.06740736819999,0.00532013938765196
"82","1184","*Oberwinklerozyma*",0.00532013938765196,"ga","may",0.0544205001928202,0.00532013938765196
"83","1184","*Penicillium*",0.00532013938765196,"ga","may",0.0580739057323321,0.00532013938765196
"84","1184","*Scleroderma*",0.00532013938765196,"ga","may",0.0212485852553445,0.00532013938765196
"85","1184","*Trichoderma*",0.414970872236853,"ga","may",2.94862915714644,1.19760479041916
"86","1184","*Xylaria*",0.00532013938765196,"ga","may",0.0255118001824723,0.00532013938765196
"87","1184","Other",0.438911499481286,"ga","may",0.645860735844121,0.494851943491101
"88","1184","Unclassified<br>*Stephanosporaceae*",0.00532013938765196,"ga","may",1.0227528215966,0.00532013938765196
"89","1204","Cultivar Fungus",97.9888268156425,"ga","may",93.0169618259276,97.9725415070243
"90","1204","*Cladosporium*",0.0239425379090184,"ga","may",0.0533961759088995,0.00532013938765196
"91","1204","*Lecanicillium*",0.00532013938765196,"ga","may",0.125285630063773,0.00532013938765196
"92","1204","*Meyerozyma*",0.00532013938765196,"ga","may",2.06740736819999,0.00532013938765196
"93","1204","*Oberwinklerozyma*",0.00532013938765196,"ga","may",0.0544205001928202,0.00532013938765196
"94","1204","*Penicillium*",0.00532013938765196,"ga","may",0.0580739057323321,0.00532013938765196
"95","1204","*Scleroderma*",0.00532013938765196,"ga","may",0.0212485852553445,0.00532013938765196
"96","1204","*Trichoderma*",1.18914604948125,"ga","may",2.94862915714644,1.19760479041916
"97","1204","*Xylaria*",0.00532013938765196,"ga","may",0.0255118001824723,0.00532013938765196
"98","1204","Other",0.798084596967279,"ga","may",0.645860735844121,0.494851943491101
"99","1204","Unclassified<br>*Stephanosporaceae*",0.00532013938765196,"ga","may",1.0227528215966,0.00532013938765196
"100","1227","Cultivar Fungus",99.098236373793,"ga","may",93.0169618259276,97.9725415070243
"101","1227","*Cladosporium*",0.00532013938765196,"ga","may",0.0533961759088995,0.00532013938765196
"102","1227","*Lecanicillium*",0.00532013938765196,"ga","may",0.125285630063773,0.00532013938765196
"103","1227","*Meyerozyma*",0.00532013938765196,"ga","may",2.06740736819999,0.00532013938765196
"104","1227","*Oberwinklerozyma*",0.00532013938765196,"ga","may",0.0544205001928202,0.00532013938765196
"105","1227","*Penicillium*",0.00532013938765196,"ga","may",0.0580739057323321,0.00532013938765196
"106","1227","*Scleroderma*",0.00532013938765196,"ga","may",0.0212485852553445,0.00532013938765196
"107","1227","*Trichoderma*",0.279307317851728,"ga","may",2.94862915714644,1.19760479041916
"108","1227","*Xylaria*",0.00532013938765196,"ga","may",0.0255118001824723,0.00532013938765196
"109","1227","Other",0.622456308355279,"ga","may",0.645860735844121,0.494851943491101
"110","1227","Unclassified<br>*Stephanosporaceae*",0.00532013938765196,"ga","may",1.0227528215966,0.00532013938765196
"111","1294","Cultivar Fungus",96.0737371319128,"ga","may",93.0169618259276,97.9725415070243
"112","1294","*Cladosporium*",0.00532013938765196,"ga","may",0.0533961759088995,0.00532013938765196
"113","1294","*Lecanicillium*",0.00532013938765196,"ga","may",0.125285630063773,0.00532013938765196
"114","1294","*Meyerozyma*",0.00532013938765196,"ga","may",2.06740736819999,0.00532013938765196
"115","1294","*Oberwinklerozyma*",0.00532013938765196,"ga","may",0.0544205001928202,0.00532013938765196
"116","1294","*Penicillium*",0.00532013938765196,"ga","may",0.0580739057323321,0.00532013938765196
"117","1294","*Scleroderma*",0.00532013938765196,"ga","may",0.0212485852553445,0.00532013938765196
"118","1294","*Trichoderma*",2.48184502433964,"ga","may",2.94862915714644,1.19760479041916
"119","1294","*Xylaria*",0.00532013938765196,"ga","may",0.0255118001824723,0.00532013938765196
"120","1294","Other",1.44441784374751,"ga","may",0.645860735844121,0.494851943491101
"121","1294","Unclassified<br>*Stephanosporaceae*",0.00532013938765196,"ga","may",1.0227528215966,0.00532013938765196
"122","1308","Cultivar Fungus",99.3057218099114,"ga","may",93.0169618259276,97.9725415070243
"123","1308","*Cladosporium*",0.00532013938765196,"ga","may",0.0533961759088995,0.00532013938765196
"124","1308","*Lecanicillium*",0.00532013938765196,"ga","may",0.125285630063773,0.00532013938765196
"125","1308","*Meyerozyma*",0.00532013938765196,"ga","may",2.06740736819999,0.00532013938765196
"126","1308","*Oberwinklerozyma*",0.00532013938765196,"ga","may",0.0544205001928202,0.00532013938765196
"127","1308","*Penicillium*",0.00532013938765196,"ga","may",0.0580739057323321,0.00532013938765196
"128","1308","*Scleroderma*",0.00532013938765196,"ga","may",0.0212485852553445,0.00532013938765196
"129","1308","*Trichoderma*",0.00532013938765196,"ga","may",2.94862915714644,1.19760479041916
"130","1308","*Xylaria*",0.00532013938765196,"ga","may",0.0255118001824723,0.00532013938765196
"131","1308","Other",0.69427819008858,"ga","may",0.645860735844121,0.494851943491101
"132","1308","Unclassified<br>*Stephanosporaceae*",0.00532013938765196,"ga","may",1.0227528215966,0.00532013938765196
"133","1486","Cultivar Fungus",90.9424626925225,"nc","june",93.0169618259276,97.9725415070243
"134","1486","*Cladosporium*",0.00798020908147793,"nc","june",0.0533961759088995,0.00532013938765196
"135","1486","*Lecanicillium*",0.00532013938765196,"nc","june",0.125285630063773,0.00532013938765196
"136","1486","*Meyerozyma*",0.00532013938765196,"nc","june",2.06740736819999,0.00532013938765196
"137","1486","*Oberwinklerozyma*",0.00532013938765196,"nc","june",0.0544205001928202,0.00532013938765196
"138","1486","*Penicillium*",0.00532013938765196,"nc","june",0.0580739057323321,0.00532013938765196
"139","1486","*Scleroderma*",0.00532013938765196,"nc","june",0.0212485852553445,0.00532013938765196
"140","1486","*Trichoderma*",8.7143883169739,"nc","june",2.94862915714644,1.19760479041916
"141","1486","*Xylaria*",0.00532013938765196,"nc","june",0.0255118001824723,0.00532013938765196
"142","1486","Other",0.311228154177639,"nc","june",0.645860735844121,0.494851943491101
"143","1486","Unclassified<br>*Stephanosporaceae*",0.0239406272444338,"nc","june",1.0227528215966,0.00532013938765196
"144","1544","Cultivar Fungus",96.5206288404756,"nc","june",93.0169618259276,97.9725415070243
"145","1544","*Cladosporium*",0.00532013938765196,"nc","june",0.0533961759088995,0.00532013938765196
"146","1544","*Lecanicillium*",0.00532013938765196,"nc","june",0.125285630063773,0.00532013938765196
"147","1544","*Meyerozyma*",0.00532013938765196,"nc","june",2.06740736819999,0.00532013938765196
"148","1544","*Oberwinklerozyma*",0.00532013938765196,"nc","june",0.0544205001928202,0.00532013938765196
"149","1544","*Penicillium*",0.00532013938765196,"nc","june",0.0580739057323321,0.00532013938765196
"150","1544","*Scleroderma*",0.00532013938765196,"nc","june",0.0212485852553445,0.00532013938765196
"151","1544","*Trichoderma*",2.44992418801373,"nc","june",2.94862915714644,1.19760479041916
"152","1544","*Xylaria*",0.00532013938765196,"nc","june",0.0255118001824723,0.00532013938765196
"153","1544","Other",1.02944697151065,"nc","june",0.645860735844121,0.494851943491101
"154","1544","Unclassified<br>*Stephanosporaceae*",0.00532013938765196,"nc","june",1.0227528215966,0.00532013938765196
"155","1565","Cultivar Fungus",93.4482483441066,"nc","june",93.0169618259276,97.9725415070243
"156","1565","*Cladosporium*",0.00532013938765196,"nc","june",0.0533961759088995,0.00532013938765196
"157","1565","*Lecanicillium*",0.00532013938765196,"nc","june",0.125285630063773,0.00532013938765196
"158","1565","*Meyerozyma*",0.00532013938765196,"nc","june",2.06740736819999,0.00532013938765196
"159","1565","*Oberwinklerozyma*",0.00532013938765196,"nc","june",0.0544205001928202,0.00532013938765196
"160","1565","*Penicillium*",0.00532013938765196,"nc","june",0.0580739057323321,0.00532013938765196
"161","1565","*Scleroderma*",0.00532013938765196,"nc","june",0.0212485852553445,0.00532013938765196
"162","1565","*Trichoderma*",6.328305801612,"nc","june",2.94862915714644,1.19760479041916
"163","1565","*Xylaria*",0.00532013938765196,"nc","june",0.0255118001824723,0.00532013938765196
"164","1565","Other",0.223445854281382,"nc","june",0.645860735844121,0.494851943491101
"165","1565","Unclassified<br>*Stephanosporaceae*",0.00532013938765196,"nc","june",1.0227528215966,0.00532013938765196
"166","1596","Cultivar Fungus",95.9221131593648,"nc","june",93.0169618259276,97.9725415070243
"167","1596","*Cladosporium*",0.00532013938765196,"nc","june",0.0533961759088995,0.00532013938765196
"168","1596","*Lecanicillium*",0.00532013938765196,"nc","june",0.125285630063773,0.00532013938765196
"169","1596","*Meyerozyma*",0.00532013938765196,"nc","june",2.06740736819999,0.00532013938765196
"170","1596","*Oberwinklerozyma*",0.00532013938765196,"nc","june",0.0544205001928202,0.00532013938765196
"171","1596","*Penicillium*",0.00532013938765196,"nc","june",0.0580739057323321,0.00532013938765196
"172","1596","*Scleroderma*",0.00532013938765196,"nc","june",0.0212485852553445,0.00532013938765196
"173","1596","*Trichoderma*",3.93424307716862,"nc","june",2.94862915714644,1.19760479041916
"174","1596","*Xylaria*",0.00532013938765196,"nc","june",0.0255118001824723,0.00532013938765196
"175","1596","Other",0.143643763466603,"nc","june",0.645860735844121,0.494851943491101
"176","1596","Unclassified<br>*Stephanosporaceae*",0.00532013938765196,"nc","june",1.0227528215966,0.00532013938765196
"177","1620","Cultivar Fungus",98.6274040379858,"nc","june",93.0169618259276,97.9725415070243
"178","1620","*Cladosporium*",0.00532013938765196,"nc","june",0.0533961759088995,0.00532013938765196
"179","1620","*Lecanicillium*",0.00532013938765196,"nc","june",0.125285630063773,0.00532013938765196
"180","1620","*Meyerozyma*",0.00532013938765196,"nc","june",2.06740736819999,0.00532013938765196
"181","1620","*Oberwinklerozyma*",0.00532013938765196,"nc","june",0.0544205001928202,0.00532013938765196
"182","1620","*Penicillium*",0.00532013938765196,"nc","june",0.0580739057323321,0.00532013938765196
"183","1620","*Scleroderma*",0.00532013938765196,"nc","june",0.0212485852553445,0.00532013938765196
"184","1620","*Trichoderma*",1.12520948048839,"nc","june",2.94862915714644,1.19760479041916
"185","1620","*Xylaria*",0.00532013938765196,"nc","june",0.0255118001824723,0.00532013938765196
"186","1620","Other",0.247386481525816,"nc","june",0.645860735844121,0.494851943491101
"187","1620","Unclassified<br>*Stephanosporaceae*",0.00532013938765196,"nc","june",1.0227528215966,0.00532013938765196
"188","1653","Cultivar Fungus",96.1535392227276,"nc","june",93.0169618259276,97.9725415070243
"189","1653","*Cladosporium*",0.00532013938765196,"nc","june",0.0533961759088995,0.00532013938765196
"190","1653","*Lecanicillium*",0.00532013938765196,"nc","june",0.125285630063773,0.00532013938765196
"191","1653","*Meyerozyma*",0.00532013938765196,"nc","june",2.06740736819999,0.00532013938765196
"192","1653","*Oberwinklerozyma*",0.00532013938765196,"nc","june",0.0544205001928202,0.00532013938765196
"193","1653","*Penicillium*",0.00532013938765196,"nc","june",0.0580739057323321,0.00532013938765196
"194","1653","*Scleroderma*",0.00532013938765196,"nc","june",0.0212485852553445,0.00532013938765196
"195","1653","*Trichoderma*",3.43148990503551,"nc","june",2.94862915714644,1.19760479041916
"196","1653","*Xylaria*",0.00532013938765196,"nc","june",0.0255118001824723,0.00532013938765196
"197","1653","Other",0.414970872236853,"nc","june",0.645860735844121,0.494851943491101
"198","1653","Unclassified<br>*Stephanosporaceae*",0.00532013938765196,"nc","june",1.0227528215966,0.00532013938765196
"199","1704","Cultivar Fungus",97.7655414571862,"nc","june",93.0169618259276,97.9725415070243
"200","1704","*Cladosporium*",0.247386481525816,"nc","june",0.0533961759088995,0.00532013938765196
"201","1704","*Lecanicillium*",0.00532013938765196,"nc","june",0.125285630063773,0.00532013938765196
"202","1704","*Meyerozyma*",0.00532013938765196,"nc","june",2.06740736819999,0.00532013938765196
"203","1704","*Oberwinklerozyma*",0.00532013938765196,"nc","june",0.0544205001928202,0.00532013938765196
"204","1704","*Penicillium*",0.00532013938765196,"nc","june",0.0580739057323321,0.00532013938765196
"205","1704","*Scleroderma*",0.00532013938765196,"nc","june",0.0212485852553445,0.00532013938765196
"206","1704","*Trichoderma*",1.50825951639933,"nc","june",2.94862915714644,1.19760479041916
"207","1704","*Xylaria*",0.00532013938765196,"nc","june",0.0255118001824723,0.00532013938765196
"208","1704","Other",0.478812544888676,"nc","june",0.645860735844121,0.494851943491101
"209","1704","Unclassified<br>*Stephanosporaceae*",0.00532013938765196,"nc","june",1.0227528215966,0.00532013938765196
"210","1725","Cultivar Fungus",96.4328465405794,"nc","june",93.0169618259276,97.9725415070243
"211","1725","*Cladosporium*",0.0558614635703455,"nc","june",0.0533961759088995,0.00532013938765196
"212","1725","*Lecanicillium*",0.00532013938765196,"nc","june",0.125285630063773,0.00532013938765196
"213","1725","*Meyerozyma*",0.00532013938765196,"nc","june",2.06740736819999,0.00532013938765196
"214","1725","*Oberwinklerozyma*",0.00532013938765196,"nc","june",0.0544205001928202,0.00532013938765196
"215","1725","*Penicillium*",0.00532013938765196,"nc","june",0.0580739057323321,0.00532013938765196
"216","1725","*Scleroderma*",0.00532013938765196,"nc","june",0.0212485852553445,0.00532013938765196
"217","1725","*Trichoderma*",2.89681589657649,"nc","june",2.94862915714644,1.19760479041916
"218","1725","*Xylaria*",0.00532013938765196,"nc","june",0.0255118001824723,0.00532013938765196
"219","1725","Other",0.614476099273801,"nc","june",0.645860735844121,0.494851943491101
"220","1725","Unclassified<br>*Stephanosporaceae*",0.00532013938765196,"nc","june",1.0227528215966,0.00532013938765196
"221","222","Cultivar Fungus",98.6353842470673,"nj","june",93.0169618259276,97.9725415070243
"222","222","*Cladosporium*",0.00532013938765196,"nj","june",0.0533961759088995,0.00532013938765196
"223","222","*Lecanicillium*",0.00532013938765196,"nj","june",0.125285630063773,0.00532013938765196
"224","222","*Meyerozyma*",0.00532013938765196,"nj","june",2.06740736819999,0.00532013938765196
"225","222","*Oberwinklerozyma*",0.00532013938765196,"nj","june",0.0544205001928202,0.00532013938765196
"226","222","*Penicillium*",0.00532013938765196,"nj","june",0.0580739057323321,0.00532013938765196
"227","222","*Scleroderma*",0.00532013938765196,"nj","june",0.0212485852553445,0.00532013938765196
"228","222","*Trichoderma*",0.77408028090336,"nj","june",2.94862915714644,1.19760479041916
"229","222","*Xylaria*",0.00532013938765196,"nj","june",0.0255118001824723,0.00532013938765196
"230","222","Other",0.590535472029367,"nj","june",0.645860735844121,0.494851943491101
"231","222","Unclassified<br>*Stephanosporaceae*",0.00532013938765196,"nj","june",1.0227528215966,0.00532013938765196
"232","2341","Cultivar Fungus",98.898731146756,"ny","july",93.0169618259276,97.9725415070243
"233","2341","*Cladosporium*",0.00532013938765196,"ny","july",0.0533961759088995,0.00532013938765196
"234","2341","*Lecanicillium*",0.00532013938765196,"ny","july",0.125285630063773,0.00532013938765196
"235","2341","*Meyerozyma*",0.00532013938765196,"ny","july",2.06740736819999,0.00532013938765196
"236","2341","*Oberwinklerozyma*",0.00532013938765196,"ny","july",0.0544205001928202,0.00532013938765196
"237","2341","*Penicillium*",0.00532013938765196,"ny","july",0.0580739057323321,0.00532013938765196
"238","2341","*Scleroderma*",0.00532013938765196,"ny","july",0.0212485852553445,0.00532013938765196
"239","2341","*Trichoderma*",0.806001117229271,"ny","july",2.94862915714644,1.19760479041916
"240","2341","*Xylaria*",0.00532013938765196,"ny","july",0.0255118001824723,0.00532013938765196
"241","2341","Other",0.295267736014684,"ny","july",0.645860735844121,0.494851943491101
"242","2341","Unclassified<br>*Stephanosporaceae*",0.00532013938765196,"ny","july",1.0227528215966,0.00532013938765196
"243","263","Cultivar Fungus",98.5075818036712,"nj","june",93.0169618259276,97.9725415070243
"244","263","*Cladosporium*",0.00532013938765196,"nj","june",0.0533961759088995,0.00532013938765196
"245","263","*Lecanicillium*",0.00532013938765196,"nj","june",0.125285630063773,0.00532013938765196
"246","263","*Meyerozyma*",0.00532013938765196,"nj","june",2.06740736819999,0.00532013938765196
"247","263","*Oberwinklerozyma*",0.00532013938765196,"nj","june",0.0544205001928202,0.00532013938765196
"248","263","*Penicillium*",0.00532013938765196,"nj","june",0.0580739057323321,0.00532013938765196
"249","263","*Scleroderma*",0.00532013938765196,"nj","june",0.0212485852553445,0.00532013938765196
"250","263","*Trichoderma*",0.845969672785315,"nj","june",2.94862915714644,1.19760479041916
"251","263","*Xylaria*",0.00532013938765196,"nj","june",0.0255118001824723,0.00532013938765196
"252","263","Other",0.646448523543496,"nj","june",0.645860735844121,0.494851943491101
"253","263","Unclassified<br>*Stephanosporaceae*",0.00532013938765196,"nj","june",1.0227528215966,0.00532013938765196
"254","2735","Cultivar Fungus",98.3797589592146,"la","may",93.0169618259276,97.9725415070243
"255","2735","*Cladosporium*",0.00532013938765196,"la","may",0.0533961759088995,0.00532013938765196
"256","2735","*Lecanicillium*",0.00532013938765196,"la","may",0.125285630063773,0.00532013938765196
"257","2735","*Meyerozyma*",0.00532013938765196,"la","may",2.06740736819999,0.00532013938765196
"258","2735","*Oberwinklerozyma*",0.00532013938765196,"la","may",0.0544205001928202,0.00532013938765196
"259","2735","*Penicillium*",0.00532013938765196,"la","may",0.0580739057323321,0.00532013938765196
"260","2735","*Scleroderma*",0.00532013938765196,"la","may",0.0212485852553445,0.00532013938765196
"261","2735","*Trichoderma*",0.694389017479448,"la","may",2.94862915714644,1.19760479041916
"262","2735","*Xylaria*",0.00532013938765196,"la","may",0.0255118001824723,0.00532013938765196
"263","2735","Other",0.92585202330593,"la","may",0.645860735844121,0.494851943491101
"264","2735","Unclassified<br>*Stephanosporaceae*",0.00532013938765196,"la","may",1.0227528215966,0.00532013938765196
"265","2747","Cultivar Fungus",98.9383780332056,"la","may",93.0169618259276,97.9725415070243
"266","2747","*Cladosporium*",0.00532013938765196,"la","may",0.0533961759088995,0.00532013938765196
"267","2747","*Lecanicillium*",0.00532013938765196,"la","may",0.125285630063773,0.00532013938765196
"268","2747","*Meyerozyma*",0.00532013938765196,"la","may",2.06740736819999,0.00532013938765196
"269","2747","*Oberwinklerozyma*",0.00532013938765196,"la","may",0.0544205001928202,0.00532013938765196
"270","2747","*Penicillium*",0.00532013938765196,"la","may",0.0580739057323321,0.00532013938765196
"271","2747","*Scleroderma*",0.00532013938765196,"la","may",0.0212485852553445,0.00532013938765196
"272","2747","*Trichoderma*",0.84610472541507,"la","may",2.94862915714644,1.19760479041916
"273","2747","*Xylaria*",0.00532013938765196,"la","may",0.0255118001824723,0.00532013938765196
"274","2747","Other",0.191570881226054,"la","may",0.645860735844121,0.494851943491101
"275","2747","Unclassified<br>*Stephanosporaceae*",0.0239463601532567,"la","may",1.0227528215966,0.00532013938765196
"276","2762","Cultivar Fungus",99.3057218099114,"la","may",93.0169618259276,97.9725415070243
"277","2762","*Cladosporium*",0.00532013938765196,"la","may",0.0533961759088995,0.00532013938765196
"278","2762","*Lecanicillium*",0.00532013938765196,"la","may",0.125285630063773,0.00532013938765196
"279","2762","*Meyerozyma*",0.00532013938765196,"la","may",2.06740736819999,0.00532013938765196
"280","2762","*Oberwinklerozyma*",0.00532013938765196,"la","may",0.0544205001928202,0.00532013938765196
"281","2762","*Penicillium*",0.00532013938765196,"la","may",0.0580739057323321,0.00532013938765196
"282","2762","*Scleroderma*",0.00532013938765196,"la","may",0.0212485852553445,0.00532013938765196
"283","2762","*Trichoderma*",0.50275317213311,"la","may",2.94862915714644,1.19760479041916
"284","2762","*Xylaria*",0.00532013938765196,"la","may",0.0255118001824723,0.00532013938765196
"285","2762","Other",0.19152501795547,"la","may",0.645860735844121,0.494851943491101
"286","2762","Unclassified<br>*Stephanosporaceae*",0.00532013938765196,"la","may",1.0227528215966,0.00532013938765196
"287","2778","Cultivar Fungus",96.0015961691939,"la","may",93.0169618259276,97.9725415070243
"288","2778","*Cladosporium*",0.00532013938765196,"la","may",0.0533961759088995,0.00532013938765196
"289","2778","*Lecanicillium*",0.00532013938765196,"la","may",0.125285630063773,0.00532013938765196
"290","2778","*Meyerozyma*",0.00532013938765196,"la","may",2.06740736819999,0.00532013938765196
"291","2778","*Oberwinklerozyma*",0.00532013938765196,"la","may",0.0544205001928202,0.00532013938765196
"292","2778","*Penicillium*",0.00532013938765196,"la","may",0.0580739057323321,0.00532013938765196
"293","2778","*Scleroderma*",0.00532013938765196,"la","may",0.0212485852553445,0.00532013938765196
"294","2778","*Trichoderma*",3.32801276935355,"la","may",2.94862915714644,1.19760479041916
"295","2778","*Xylaria*",0.00532013938765196,"la","may",0.0255118001824723,0.00532013938765196
"296","2778","Other",0.670391061452514,"la","may",0.645860735844121,0.494851943491101
"297","2778","Unclassified<br>*Stephanosporaceae*",0.00532013938765196,"la","may",1.0227528215966,0.00532013938765196
"298","2832","Cultivar Fungus",98.1086904476897,"la","may",93.0169618259276,97.9725415070243
"299","2832","*Cladosporium*",0.00532013938765196,"la","may",0.0533961759088995,0.00532013938765196
"300","2832","*Lecanicillium*",0.00532013938765196,"la","may",0.125285630063773,0.00532013938765196
"301","2832","*Meyerozyma*",0.00532013938765196,"la","may",2.06740736819999,0.00532013938765196
"302","2832","*Oberwinklerozyma*",0.00532013938765196,"la","may",0.0544205001928202,0.00532013938765196
"303","2832","*Penicillium*",0.00532013938765196,"la","may",0.0580739057323321,0.00532013938765196
"304","2832","*Scleroderma*",0.00532013938765196,"la","may",0.0212485852553445,0.00532013938765196
"305","2832","*Trichoderma*",0.933684462532918,"la","may",2.94862915714644,1.19760479041916
"306","2832","*Xylaria*",0.00532013938765196,"la","may",0.0255118001824723,0.00532013938765196
"307","2832","Other",0.957625089777352,"la","may",0.645860735844121,0.494851943491101
"308","2832","Unclassified<br>*Stephanosporaceae*",0.00532013938765196,"la","may",1.0227528215966,0.00532013938765196
"309","2875","Cultivar Fungus",96.3849652860905,"la","may",93.0169618259276,97.9725415070243
"310","2875","*Cladosporium*",0.00532013938765196,"la","may",0.0533961759088995,0.00532013938765196
"311","2875","*Lecanicillium*",0.00532013938765196,"la","may",0.125285630063773,0.00532013938765196
"312","2875","*Meyerozyma*",0.00532013938765196,"la","may",2.06740736819999,0.00532013938765196
"313","2875","*Oberwinklerozyma*",0.00532013938765196,"la","may",0.0544205001928202,0.00532013938765196
"314","2875","*Penicillium*",0.00532013938765196,"la","may",0.0580739057323321,0.00532013938765196
"315","2875","*Scleroderma*",0.00532013938765196,"la","may",0.0212485852553445,0.00532013938765196
"316","2875","*Trichoderma*",2.21849812465087,"la","may",2.94862915714644,1.19760479041916
"317","2875","*Xylaria*",0.00532013938765196,"la","may",0.0255118001824723,0.00532013938765196
"318","2875","Other",1.39653658925864,"la","may",0.645860735844121,0.494851943491101
"319","2875","Unclassified<br>*Stephanosporaceae*",0.00532013938765196,"la","may",1.0227528215966,0.00532013938765196
"320","2896","Cultivar Fungus",98.3161758838082,"la","may",93.0169618259276,97.9725415070243
"321","2896","*Cladosporium*",0.00532013938765196,"la","may",0.0533961759088995,0.00532013938765196
"322","2896","*Lecanicillium*",0.00532013938765196,"la","may",0.125285630063773,0.00532013938765196
"323","2896","*Meyerozyma*",0.00532013938765196,"la","may",2.06740736819999,0.00532013938765196
"324","2896","*Oberwinklerozyma*",0.00532013938765196,"la","may",0.0544205001928202,0.00532013938765196
"325","2896","*Penicillium*",0.00532013938765196,"la","may",0.0580739057323321,0.00532013938765196
"326","2896","*Scleroderma*",0.0159604181629559,"la","may",0.0212485852553445,0.00532013938765196
"327","2896","*Trichoderma*",0.96560529885883,"la","may",2.94862915714644,1.19760479041916
"328","2896","*Xylaria*",0.00532013938765196,"la","may",0.0255118001824723,0.00532013938765196
"329","2896","Other",0.638416726518235,"la","may",0.645860735844121,0.494851943491101
"330","2896","Unclassified<br>*Stephanosporaceae*",0.0638416726518235,"la","may",1.0227528215966,0.00532013938765196
"331","2913","Cultivar Fungus",98.0448487750379,"la","may",93.0169618259276,97.9725415070243
"332","2913","*Cladosporium*",0.00532013938765196,"la","may",0.0533961759088995,0.00532013938765196
"333","2913","*Lecanicillium*",0.00532013938765196,"la","may",0.125285630063773,0.00532013938765196
"334","2913","*Meyerozyma*",0.00532013938765196,"la","may",2.06740736819999,0.00532013938765196
"335","2913","*Oberwinklerozyma*",0.00532013938765196,"la","may",0.0544205001928202,0.00532013938765196
"336","2913","*Penicillium*",0.00532013938765196,"la","may",0.0580739057323321,0.00532013938765196
"337","2913","*Scleroderma*",0.00532013938765196,"la","may",0.0212485852553445,0.00532013938765196
"338","2913","*Trichoderma*",1.46037826191046,"la","may",2.94862915714644,1.19760479041916
"339","2913","*Xylaria*",0.00532013938765196,"la","may",0.0255118001824723,0.00532013938765196
"340","2913","Other",0.494772963051632,"la","may",0.645860735844121,0.494851943491101
"341","2913","Unclassified<br>*Stephanosporaceae*",0.00532013938765196,"la","may",1.0227528215966,0.00532013938765196
"342","2925","Cultivar Fungus",93.1843575418994,"la","may",93.0169618259276,97.9725415070243
"343","2925","*Cladosporium*",0.0159616919393456,"la","may",0.0533961759088995,0.00532013938765196
"344","2925","*Lecanicillium*",0.00532013938765196,"la","may",0.125285630063773,0.00532013938765196
"345","2925","*Meyerozyma*",0.00532013938765196,"la","may",2.06740736819999,0.00532013938765196
"346","2925","*Oberwinklerozyma*",0.00532013938765196,"la","may",0.0544205001928202,0.00532013938765196
"347","2925","*Penicillium*",0.00532013938765196,"la","may",0.0580739057323321,0.00532013938765196
"348","2925","*Scleroderma*",0.0159616919393456,"la","may",0.0212485852553445,0.00532013938765196
"349","2925","*Trichoderma*",5.65043894652833,"la","may",2.94862915714644,1.19760479041916
"350","2925","*Xylaria*",0.00532013938765196,"la","may",0.0255118001824723,0.00532013938765196
"351","2925","Other",1.13328012769354,"la","may",0.645860735844121,0.494851943491101
"352","2925","Unclassified<br>*Stephanosporaceae*",0.00532013938765196,"la","may",1.0227528215966,0.00532013938765196
"353","3000","Cultivar Fungus",97.2548080759716,"fl","june",93.0169618259276,97.9725415070243
"354","3000","*Cladosporium*",0.00532013938765196,"fl","june",0.0533961759088995,0.00532013938765196
"355","3000","*Lecanicillium*",0.00532013938765196,"fl","june",0.125285630063773,0.00532013938765196
"356","3000","*Meyerozyma*",0.00532013938765196,"fl","june",2.06740736819999,0.00532013938765196
"357","3000","*Oberwinklerozyma*",0.00532013938765196,"fl","june",0.0544205001928202,0.00532013938765196
"358","3000","*Penicillium*",0.00532013938765196,"fl","june",0.0580739057323321,0.00532013938765196
"359","3000","*Scleroderma*",0.00532013938765196,"fl","june",0.0212485852553445,0.00532013938765196
"360","3000","*Trichoderma*",2.41002314260634,"fl","june",2.94862915714644,1.19760479041916
"361","3000","*Xylaria*",0.00532013938765196,"fl","june",0.0255118001824723,0.00532013938765196
"362","3000","Other",0.335168781422073,"fl","june",0.645860735844121,0.494851943491101
"363","3000","Unclassified<br>*Stephanosporaceae*",0.00532013938765196,"fl","june",1.0227528215966,0.00532013938765196
"364","3025","Cultivar Fungus",97.6298779028011,"fl","june",93.0169618259276,97.9725415070243
"365","3025","*Cladosporium*",0.00532013938765196,"fl","june",0.0533961759088995,0.00532013938765196
"366","3025","*Lecanicillium*",0.00532013938765196,"fl","june",0.125285630063773,0.00532013938765196
"367","3025","*Meyerozyma*",0.00532013938765196,"fl","june",2.06740736819999,0.00532013938765196
"368","3025","*Oberwinklerozyma*",0.00532013938765196,"fl","june",0.0544205001928202,0.00532013938765196
"369","3025","*Penicillium*",0.00532013938765196,"fl","june",0.0580739057323321,0.00532013938765196
"370","3025","*Scleroderma*",0.00532013938765196,"fl","june",0.0212485852553445,0.00532013938765196
"371","3025","*Trichoderma*",1.74766578884367,"fl","june",2.94862915714644,1.19760479041916
"372","3025","*Xylaria*",0.00532013938765196,"fl","june",0.0255118001824723,0.00532013938765196
"373","3025","Other",0.622456308355279,"fl","june",0.645860735844121,0.494851943491101
"374","3025","Unclassified<br>*Stephanosporaceae*",0.00532013938765196,"fl","june",1.0227528215966,0.00532013938765196
"375","304","Cultivar Fungus",95.2035115722266,"nj","june",93.0169618259276,97.9725415070243
"376","304","*Cladosporium*",0.0399042298483639,"nj","june",0.0533961759088995,0.00532013938765196
"377","304","*Lecanicillium*",0.00532013938765196,"nj","june",0.125285630063773,0.00532013938765196
"378","304","*Meyerozyma*",0.00532013938765196,"nj","june",2.06740736819999,0.00532013938765196
"379","304","*Oberwinklerozyma*",0.00532013938765196,"nj","june",0.0544205001928202,0.00532013938765196
"380","304","*Penicillium*",0.00532013938765196,"nj","june",0.0580739057323321,0.00532013938765196
"381","304","*Scleroderma*",0.00532013938765196,"nj","june",0.0212485852553445,0.00532013938765196
"382","304","*Trichoderma*",4.19792498004789,"nj","june",2.94862915714644,1.19760479041916
"383","304","*Xylaria*",0.00532013938765196,"nj","june",0.0255118001824723,0.00532013938765196
"384","304","Other",0.558659217877095,"nj","june",0.645860735844121,0.494851943491101
"385","304","Unclassified<br>*Stephanosporaceae*",0.00532013938765196,"nj","june",1.0227528215966,0.00532013938765196
"386","3083","Cultivar Fungus",97.5740164392307,"fl","june",93.0169618259276,97.9725415070243
"387","3083","*Cladosporium*",0.00532013938765196,"fl","june",0.0533961759088995,0.00532013938765196
"388","3083","*Lecanicillium*",0.00532013938765196,"fl","june",0.125285630063773,0.00532013938765196
"389","3083","*Meyerozyma*",0.00532013938765196,"fl","june",2.06740736819999,0.00532013938765196
"390","3083","*Oberwinklerozyma*",0.00532013938765196,"fl","june",0.0544205001928202,0.00532013938765196
"391","3083","*Penicillium*",0.00532013938765196,"fl","june",0.0580739057323321,0.00532013938765196
"392","3083","*Scleroderma*",0.0159604181629559,"fl","june",0.0212485852553445,0.00532013938765196
"393","3083","*Trichoderma*",1.78756683425106,"fl","june",2.94862915714644,1.19760479041916
"394","3083","*Xylaria*",0.00532013938765196,"fl","june",0.0255118001824723,0.00532013938765196
"395","3083","Other",0.622456308355279,"fl","june",0.645860735844121,0.494851943491101
"396","3083","Unclassified<br>*Stephanosporaceae*",0.00532013938765196,"fl","june",1.0227528215966,0.00532013938765196
"397","3095","Cultivar Fungus",84.4146516638736,"fl","june",93.0169618259276,97.9725415070243
"398","3095","*Cladosporium*",0.0478812544888676,"fl","june",0.0533961759088995,0.00532013938765196
"399","3095","*Lecanicillium*",0.00532013938765196,"fl","june",0.125285630063773,0.00532013938765196
"400","3095","*Meyerozyma*",0.0159604181629559,"fl","june",2.06740736819999,0.00532013938765196
"401","3095","*Oberwinklerozyma*",0.00532013938765196,"fl","june",0.0544205001928202,0.00532013938765196
"402","3095","*Penicillium*",0.00532013938765196,"fl","june",0.0580739057323321,0.00532013938765196
"403","3095","*Scleroderma*",0.00532013938765196,"fl","june",0.0212485852553445,0.00532013938765196
"404","3095","*Trichoderma*",15.3698826909265,"fl","june",2.94862915714644,1.19760479041916
"405","3095","*Xylaria*",0.00532013938765196,"fl","june",0.0255118001824723,0.00532013938765196
"406","3095","Other",0.151623972548081,"fl","june",0.645860735844121,0.494851943491101
"407","3095","Unclassified<br>*Stephanosporaceae*",0.00532013938765196,"fl","june",1.0227528215966,0.00532013938765196
"408","3113","Cultivar Fungus",93.1689410262549,"fl","june",93.0169618259276,97.9725415070243
"409","3113","*Cladosporium*",0.00532013938765196,"fl","june",0.0533961759088995,0.00532013938765196
"410","3113","*Lecanicillium*",0.00532013938765196,"fl","june",0.125285630063773,0.00532013938765196
"411","3113","*Meyerozyma*",0.00532013938765196,"fl","june",2.06740736819999,0.00532013938765196
"412","3113","*Oberwinklerozyma*",0.00532013938765196,"fl","june",0.0544205001928202,0.00532013938765196
"413","3113","*Penicillium*",0.00532013938765196,"fl","june",0.0580739057323321,0.00532013938765196
"414","3113","*Scleroderma*",0.00532013938765196,"fl","june",0.0212485852553445,0.00532013938765196
"415","3113","*Trichoderma*",6.63155374670816,"fl","june",2.94862915714644,1.19760479041916
"416","3113","*Xylaria*",0.00532013938765196,"fl","june",0.0255118001824723,0.00532013938765196
"417","3113","Other",0.199505227036948,"fl","june",0.645860735844121,0.494851943491101
"418","3113","Unclassified<br>*Stephanosporaceae*",0.00532013938765196,"fl","june",1.0227528215966,0.00532013938765196
"419","3144","Cultivar Fungus",96.0660203509334,"fl","june",93.0169618259276,97.9725415070243
"420","3144","*Cladosporium*",0.00801217851133723,"fl","june",0.0533961759088995,0.00532013938765196
"421","3144","*Lecanicillium*",0.00532013938765196,"fl","june",0.125285630063773,0.00532013938765196
"422","3144","*Meyerozyma*",0.00532013938765196,"fl","june",2.06740736819999,0.00532013938765196
"423","3144","*Oberwinklerozyma*",0.00532013938765196,"fl","june",0.0544205001928202,0.00532013938765196
"424","3144","*Penicillium*",0.00532013938765196,"fl","june",0.0580739057323321,0.00532013938765196
"425","3144","*Scleroderma*",0.00532013938765196,"fl","june",0.0212485852553445,0.00532013938765196
"426","3144","*Trichoderma*",1.53032609566541,"fl","june",2.94862915714644,1.19760479041916
"427","3144","*Xylaria*",0.0160243570226745,"fl","june",0.0255118001824723,0.00532013938765196
"428","3144","Other",0.296450604919478,"fl","june",0.645860735844121,0.494851943491101
"429","3144","Unclassified<br>*Stephanosporaceae*",2.08316641294768,"fl","june",1.0227528215966,0.00532013938765196
"430","3196","Cultivar Fungus",90.2003032479451,"fl","june",93.0169618259276,97.9725415070243
"431","3196","*Cladosporium*",0.0478812544888676,"fl","june",0.0533961759088995,0.00532013938765196
"432","3196","*Lecanicillium*",0.00532013938765196,"fl","june",0.125285630063773,0.00532013938765196
"433","3196","*Meyerozyma*",0.00532013938765196,"fl","june",2.06740736819999,0.00532013938765196
"434","3196","*Oberwinklerozyma*",0.00532013938765196,"fl","june",0.0544205001928202,0.00532013938765196
"435","3196","*Penicillium*",0.00532013938765196,"fl","june",0.0580739057323321,0.00532013938765196
"436","3196","*Scleroderma*",0.00532013938765196,"fl","june",0.0212485852553445,0.00532013938765196
"437","3196","*Trichoderma*",7.30189130955231,"fl","june",2.94862915714644,1.19760479041916
"438","3196","*Xylaria*",0.0478812544888676,"fl","june",0.0255118001824723,0.00532013938765196
"439","3196","Other",0.494772963051632,"fl","june",0.645860735844121,0.494851943491101
"440","3196","Unclassified<br>*Stephanosporaceae*",1.90726997047323,"fl","june",1.0227528215966,0.00532013938765196
"441","344","Cultivar Fungus",97.6139174846381,"nj","june",93.0169618259276,97.9725415070243
"442","344","*Cladosporium*",0.00532013938765196,"nj","june",0.0533961759088995,0.00532013938765196
"443","344","*Lecanicillium*",0.00532013938765196,"nj","june",0.125285630063773,0.00532013938765196
"444","344","*Meyerozyma*",0.00532013938765196,"nj","june",2.06740736819999,0.00532013938765196
"445","344","*Oberwinklerozyma*",0.00532013938765196,"nj","june",0.0544205001928202,0.00532013938765196
"446","344","*Penicillium*",0.00532013938765196,"nj","june",0.0580739057323321,0.00532013938765196
"447","344","*Scleroderma*",0.00532013938765196,"nj","june",0.0212485852553445,0.00532013938765196
"448","344","*Trichoderma*",1.95515122496209,"nj","june",2.94862915714644,1.19760479041916
"449","344","*Xylaria*",0.00532013938765196,"nj","june",0.0255118001824723,0.00532013938765196
"450","344","Other",0.430931290399808,"nj","june",0.645860735844121,0.494851943491101
"451","344","Unclassified<br>*Stephanosporaceae*",0.00532013938765196,"nj","june",1.0227528215966,0.00532013938765196
"452","3463","Cultivar Fungus",99.1860186736892,"nj","july",93.0169618259276,97.9725415070243
"453","3463","*Cladosporium*",0.00532013938765196,"nj","july",0.0533961759088995,0.00532013938765196
"454","3463","*Lecanicillium*",0.00532013938765196,"nj","july",0.125285630063773,0.00532013938765196
"455","3463","*Meyerozyma*",0.00532013938765196,"nj","july",2.06740736819999,0.00532013938765196
"456","3463","*Oberwinklerozyma*",0.00532013938765196,"nj","july",0.0544205001928202,0.00532013938765196
"457","3463","*Penicillium*",0.00532013938765196,"nj","july",0.0580739057323321,0.00532013938765196
"458","3463","*Scleroderma*",0.00532013938765196,"nj","july",0.0212485852553445,0.00532013938765196
"459","3463","*Trichoderma*",0.446891708562764,"nj","july",2.94862915714644,1.19760479041916
"460","3463","*Xylaria*",0.00532013938765196,"nj","july",0.0255118001824723,0.00532013938765196
"461","3463","Other",0.367089617747985,"nj","july",0.645860735844121,0.494851943491101
"462","3463","Unclassified<br>*Stephanosporaceae*",0.00532013938765196,"nj","july",1.0227528215966,0.00532013938765196
"463","3473","Cultivar Fungus",99.0663155374671,"nj","july",93.0169618259276,97.9725415070243
"464","3473","*Cladosporium*",0.00532013938765196,"nj","july",0.0533961759088995,0.00532013938765196
"465","3473","*Lecanicillium*",0.00532013938765196,"nj","july",0.125285630063773,0.00532013938765196
"466","3473","*Meyerozyma*",0.00532013938765196,"nj","july",2.06740736819999,0.00532013938765196
"467","3473","*Oberwinklerozyma*",0.00532013938765196,"nj","july",0.0544205001928202,0.00532013938765196
"468","3473","*Penicillium*",0.00532013938765196,"nj","july",0.0580739057323321,0.00532013938765196
"469","3473","*Scleroderma*",0.00532013938765196,"nj","july",0.0212485852553445,0.00532013938765196
"470","3473","*Trichoderma*",0.27132710877025,"nj","july",2.94862915714644,1.19760479041916
"471","3473","*Xylaria*",0.00532013938765196,"nj","july",0.0255118001824723,0.00532013938765196
"472","3473","Other",0.662357353762669,"nj","july",0.645860735844121,0.494851943491101
"473","3473","Unclassified<br>*Stephanosporaceae*",0.00532013938765196,"nj","july",1.0227528215966,0.00532013938765196
"474","348","Cultivar Fungus",97.2149070305642,"nj","june",93.0169618259276,97.9725415070243
"475","348","*Cladosporium*",0.0159604181629559,"nj","june",0.0533961759088995,0.00532013938765196
"476","348","*Lecanicillium*",0.00532013938765196,"nj","june",0.125285630063773,0.00532013938765196
"477","348","*Meyerozyma*",0.00532013938765196,"nj","june",2.06740736819999,0.00532013938765196
"478","348","*Oberwinklerozyma*",0.00532013938765196,"nj","june",0.0544205001928202,0.00532013938765196
"479","348","*Penicillium*",0.00532013938765196,"nj","june",0.0580739057323321,0.00532013938765196
"480","348","*Scleroderma*",0.00532013938765196,"nj","june",0.0212485852553445,0.00532013938765196
"481","348","*Trichoderma*",2.56164711515442,"nj","june",2.94862915714644,1.19760479041916
"482","348","*Xylaria*",0.00532013938765196,"nj","june",0.0255118001824723,0.00532013938765196
"483","348","Other",0.207485436118426,"nj","june",0.645860735844121,0.494851943491101
"484","348","Unclassified<br>*Stephanosporaceae*",0.00532013938765196,"nj","june",1.0227528215966,0.00532013938765196
"485","3485","Cultivar Fungus",98.1082375478927,"nj","july",93.0169618259276,97.9725415070243
"486","3485","*Cladosporium*",0.00532013938765196,"nj","july",0.0533961759088995,0.00532013938765196
"487","3485","*Lecanicillium*",0.00532013938765196,"nj","july",0.125285630063773,0.00532013938765196
"488","3485","*Meyerozyma*",0.00532013938765196,"nj","july",2.06740736819999,0.00532013938765196
"489","3485","*Oberwinklerozyma*",0.00532013938765196,"nj","july",0.0544205001928202,0.00532013938765196
"490","3485","*Penicillium*",0.00532013938765196,"nj","july",0.0580739057323321,0.00532013938765196
"491","3485","*Scleroderma*",0.00532013938765196,"nj","july",0.0212485852553445,0.00532013938765196
"492","3485","*Trichoderma*",0.343231162196679,"nj","july",2.94862915714644,1.19760479041916
"493","3485","*Xylaria*",0.00532013938765196,"nj","july",0.0255118001824723,0.00532013938765196
"494","3485","Other",1.5485312899106,"nj","july",0.645860735844121,0.494851943491101
"495","3485","Unclassified<br>*Stephanosporaceae*",0.00532013938765196,"nj","july",1.0227528215966,0.00532013938765196
"496","3497","Cultivar Fungus",97.366320830008,"nj","july",93.0169618259276,97.9725415070243
"497","3497","*Cladosporium*",0.00532013938765196,"nj","july",0.0533961759088995,0.00532013938765196
"498","3497","*Lecanicillium*",0.00532013938765196,"nj","july",0.125285630063773,0.00532013938765196
"499","3497","*Meyerozyma*",0.00532013938765196,"nj","july",2.06740736819999,0.00532013938765196
"500","3497","*Oberwinklerozyma*",0.00532013938765196,"nj","july",0.0544205001928202,0.00532013938765196
"501","3497","*Penicillium*",0.00532013938765196,"nj","july",0.0580739057323321,0.00532013938765196
"502","3497","*Scleroderma*",0.0399042298483639,"nj","july",0.0212485852553445,0.00532013938765196
"503","3497","*Trichoderma*",1.66799680766161,"nj","july",2.94862915714644,1.19760479041916
"504","3497","*Xylaria*",0.00532013938765196,"nj","july",0.0255118001824723,0.00532013938765196
"505","3497","Other",0.925778132482043,"nj","july",0.645860735844121,0.494851943491101
"506","3497","Unclassified<br>*Stephanosporaceae*",0.00532013938765196,"nj","july",1.0227528215966,0.00532013938765196
"507","3520","Cultivar Fungus",88.8915489585827,"nj","july",93.0169618259276,97.9725415070243
"508","3520","*Cladosporium*",0.00532013938765196,"nj","july",0.0533961759088995,0.00532013938765196
"509","3520","*Lecanicillium*",0.00532013938765196,"nj","july",0.125285630063773,0.00532013938765196
"510","3520","*Meyerozyma*",0.00532013938765196,"nj","july",2.06740736819999,0.00532013938765196
"511","3520","*Oberwinklerozyma*",0.00532013938765196,"nj","july",0.0544205001928202,0.00532013938765196
"512","3520","*Penicillium*",0.00532013938765196,"nj","july",0.0580739057323321,0.00532013938765196
"513","3520","*Scleroderma*",0.00532013938765196,"nj","july",0.0212485852553445,0.00532013938765196
"514","3520","*Trichoderma*",9.7278748703216,"nj","july",2.94862915714644,1.19760479041916
"515","3520","*Xylaria*",0.00532013938765196,"nj","july",0.0255118001824723,0.00532013938765196
"516","3520","Other",1.38057617109568,"nj","july",0.645860735844121,0.494851943491101
"517","3520","Unclassified<br>*Stephanosporaceae*",0.00532013938765196,"nj","july",1.0227528215966,0.00532013938765196
"518","355","Cultivar Fungus",96.2566844919786,"nj","june",93.0169618259276,97.9725415070243
"519","355","*Cladosporium*",0.00532013938765196,"nj","june",0.0533961759088995,0.00532013938765196
"520","355","*Lecanicillium*",0.00532013938765196,"nj","june",0.125285630063773,0.00532013938765196
"521","355","*Meyerozyma*",0.00532013938765196,"nj","june",2.06740736819999,0.00532013938765196
"522","355","*Oberwinklerozyma*",0.00532013938765196,"nj","june",0.0544205001928202,0.00532013938765196
"523","355","*Penicillium*",0.00532013938765196,"nj","june",0.0580739057323321,0.00532013938765196
"524","355","*Scleroderma*",0.00532013938765196,"nj","june",0.0212485852553445,0.00532013938765196
"525","355","*Trichoderma*",3.24846356453029,"nj","june",2.94862915714644,1.19760479041916
"526","355","*Xylaria*",0.00532013938765196,"nj","june",0.0255118001824723,0.00532013938765196
"527","355","Other",0.494851943491101,"nj","june",0.645860735844121,0.494851943491101
"528","355","Unclassified<br>*Stephanosporaceae*",0.00532013938765196,"nj","june",1.0227528215966,0.00532013938765196
"529","3559","Cultivar Fungus",0.670391061452514,"nj","july",93.0169618259276,97.9725415070243
"530","3559","*Cladosporium*",1.64405426975259,"nj","july",0.0533961759088995,0.00532013938765196
"531","3559","*Lecanicillium*",6.20111731843575,"nj","july",0.125285630063773,0.00532013938765196
"532","3559","*Meyerozyma*",87.9169992019154,"nj","july",2.06740736819999,0.00532013938765196
"533","3559","*Oberwinklerozyma*",1.29289704708699,"nj","july",0.0544205001928202,0.00532013938765196
"534","3559","*Penicillium*",1.10135674381484,"nj","july",0.0580739057323321,0.00532013938765196
"535","3559","*Scleroderma*",0.00532013938765196,"nj","july",0.0212485852553445,0.00532013938765196
"536","3559","*Trichoderma*",0.00532013938765196,"nj","july",2.94862915714644,1.19760479041916
"537","3559","*Xylaria*",0.00532013938765196,"nj","july",0.0255118001824723,0.00532013938765196
"538","3559","Other",1.1731843575419,"nj","july",0.645860735844121,0.494851943491101
"539","3559","Unclassified<br>*Stephanosporaceae*",0.00532013938765196,"nj","july",1.0227528215966,0.00532013938765196
"540","3571","Cultivar Fungus",97.6298779028011,"nj","july",93.0169618259276,97.9725415070243
"541","3571","*Cladosporium*",0.00532013938765196,"nj","july",0.0533961759088995,0.00532013938765196
"542","3571","*Lecanicillium*",0.00532013938765196,"nj","july",0.125285630063773,0.00532013938765196
"543","3571","*Meyerozyma*",0.00532013938765196,"nj","july",2.06740736819999,0.00532013938765196
"544","3571","*Oberwinklerozyma*",0.00532013938765196,"nj","july",0.0544205001928202,0.00532013938765196
"545","3571","*Penicillium*",0.00532013938765196,"nj","july",0.0580739057323321,0.00532013938765196
"546","3571","*Scleroderma*",0.00532013938765196,"nj","july",0.0212485852553445,0.00532013938765196
"547","3571","*Trichoderma*",2.12273561567313,"nj","july",2.94862915714644,1.19760479041916
"548","3571","*Xylaria*",0.00532013938765196,"nj","july",0.0255118001824723,0.00532013938765196
"549","3571","Other",0.247386481525816,"nj","july",0.645860735844121,0.494851943491101
"550","3571","Unclassified<br>*Stephanosporaceae*",0.00532013938765196,"nj","july",1.0227528215966,0.00532013938765196
"551","3581","Cultivar Fungus",99.1540978373633,"nj","july",93.0169618259276,97.9725415070243
"552","3581","*Cladosporium*",0.00532013938765196,"nj","july",0.0533961759088995,0.00532013938765196
"553","3581","*Lecanicillium*",0.00532013938765196,"nj","july",0.125285630063773,0.00532013938765196
"554","3581","*Meyerozyma*",0.00532013938765196,"nj","july",2.06740736819999,0.00532013938765196
"555","3581","*Oberwinklerozyma*",0.00532013938765196,"nj","july",0.0544205001928202,0.00532013938765196
"556","3581","*Penicillium*",0.00532013938765196,"nj","july",0.0580739057323321,0.00532013938765196
"557","3581","*Scleroderma*",0.00532013938765196,"nj","july",0.0212485852553445,0.00532013938765196
"558","3581","*Trichoderma*",0.327188572340595,"nj","july",2.94862915714644,1.19760479041916
"559","3581","*Xylaria*",0.00532013938765196,"nj","july",0.0255118001824723,0.00532013938765196
"560","3581","Other",0.518713590296066,"nj","july",0.645860735844121,0.494851943491101
"561","3581","Unclassified<br>*Stephanosporaceae*",0.00532013938765196,"nj","july",1.0227528215966,0.00532013938765196
"562","3591","Cultivar Fungus",98.731146756045,"nj","july",93.0169618259276,97.9725415070243
"563","3591","*Cladosporium*",0.00532013938765196,"nj","july",0.0533961759088995,0.00532013938765196
"564","3591","*Lecanicillium*",0.00532013938765196,"nj","july",0.125285630063773,0.00532013938765196
"565","3591","*Meyerozyma*",0.00532013938765196,"nj","july",2.06740736819999,0.00532013938765196
"566","3591","*Oberwinklerozyma*",0.00532013938765196,"nj","july",0.0544205001928202,0.00532013938765196
"567","3591","*Penicillium*",0.00532013938765196,"nj","july",0.0580739057323321,0.00532013938765196
"568","3591","*Scleroderma*",0.00532013938765196,"nj","july",0.0212485852553445,0.00532013938765196
"569","3591","*Trichoderma*",0.77408028090336,"nj","july",2.94862915714644,1.19760479041916
"570","3591","*Xylaria*",0.00532013938765196,"nj","july",0.0255118001824723,0.00532013938765196
"571","3591","Other",0.494772963051632,"nj","july",0.645860735844121,0.494851943491101
"572","3591","Unclassified<br>*Stephanosporaceae*",0.00532013938765196,"nj","july",1.0227528215966,0.00532013938765196
"573","3607","Cultivar Fungus",98.2603144202378,"nj","july",93.0169618259276,97.9725415070243
"574","3607","*Cladosporium*",0.00532013938765196,"nj","july",0.0533961759088995,0.00532013938765196
"575","3607","*Lecanicillium*",0.00532013938765196,"nj","july",0.125285630063773,0.00532013938765196
"576","3607","*Meyerozyma*",0.00532013938765196,"nj","july",2.06740736819999,0.00532013938765196
"577","3607","*Oberwinklerozyma*",0.00532013938765196,"nj","july",0.0544205001928202,0.00532013938765196
"578","3607","*Penicillium*",0.00532013938765196,"nj","july",0.0580739057323321,0.00532013938765196
"579","3607","*Scleroderma*",0.00532013938765196,"nj","july",0.0212485852553445,0.00532013938765196
"580","3607","*Trichoderma*",1.18107094405873,"nj","july",2.94862915714644,1.19760479041916
"581","3607","*Xylaria*",0.00532013938765196,"nj","july",0.0255118001824723,0.00532013938765196
"582","3607","Other",0.558614635703455,"nj","july",0.645860735844121,0.494851943491101
"583","3607","Unclassified<br>*Stephanosporaceae*",0.00532013938765196,"nj","july",1.0227528215966,0.00532013938765196
"584","3619","Cultivar Fungus",12.7842949485277,"nj","july",93.0169618259276,97.9725415070243
"585","3619","*Cladosporium*",0.00532013938765196,"nj","july",0.0533961759088995,0.00532013938765196
"586","3619","*Lecanicillium*",0.00532013938765196,"nj","july",0.125285630063773,0.00532013938765196
"587","3619","*Meyerozyma*",0.00532013938765196,"nj","july",2.06740736819999,0.00532013938765196
"588","3619","*Oberwinklerozyma*",0.00532013938765196,"nj","july",0.0544205001928202,0.00532013938765196
"589","3619","*Penicillium*",0.00532013938765196,"nj","july",0.0580739057323321,0.00532013938765196
"590","3619","*Scleroderma*",0.00532013938765196,"nj","july",0.0212485852553445,0.00532013938765196
"591","3619","*Trichoderma*",4.38113478573139,"nj","july",2.94862915714644,1.19760479041916
"592","3619","*Xylaria*",1.6279626526215,"nj","july",0.0255118001824723,0.00532013938765196
"593","3619","Other",1.00550634426622,"nj","july",0.645860735844121,0.494851943491101
"594","3619","Unclassified<br>*Stephanosporaceae*",80.2011012688533,"nj","july",1.0227528215966,0.00532013938765196
"595","3645","Cultivar Fungus",98.8668103104301,"nj","july",93.0169618259276,97.9725415070243
"596","3645","*Cladosporium*",0.00532013938765196,"nj","july",0.0533961759088995,0.00532013938765196
"597","3645","*Lecanicillium*",0.00532013938765196,"nj","july",0.125285630063773,0.00532013938765196
"598","3645","*Meyerozyma*",0.00532013938765196,"nj","july",2.06740736819999,0.00532013938765196
"599","3645","*Oberwinklerozyma*",0.00532013938765196,"nj","july",0.0544205001928202,0.00532013938765196
"600","3645","*Penicillium*",0.00532013938765196,"nj","july",0.0580739057323321,0.00532013938765196
"601","3645","*Scleroderma*",0.00532013938765196,"nj","july",0.0212485852553445,0.00532013938765196
"602","3645","*Trichoderma*",0.662357353762669,"nj","july",2.94862915714644,1.19760479041916
"603","3645","*Xylaria*",0.00532013938765196,"nj","july",0.0255118001824723,0.00532013938765196
"604","3645","Other",0.470832335807198,"nj","july",0.645860735844121,0.494851943491101
"605","3645","Unclassified<br>*Stephanosporaceae*",0.00532013938765196,"nj","july",1.0227528215966,0.00532013938765196
"606","3662","Cultivar Fungus",97.877094972067,"nj","july",93.0169618259276,97.9725415070243
"607","3662","*Cladosporium*",0.0319233838786911,"nj","july",0.0533961759088995,0.00532013938765196
"608","3662","*Lecanicillium*",0.00532013938765196,"nj","july",0.125285630063773,0.00532013938765196
"609","3662","*Meyerozyma*",0.00532013938765196,"nj","july",2.06740736819999,0.00532013938765196
"610","3662","*Oberwinklerozyma*",0.00532013938765196,"nj","july",0.0544205001928202,0.00532013938765196
"611","3662","*Penicillium*",0.00532013938765196,"nj","july",0.0580739057323321,0.00532013938765196
"612","3662","*Scleroderma*",0.00532013938765196,"nj","july",0.0212485852553445,0.00532013938765196
"613","3662","*Trichoderma*",1.05347166799681,"nj","july",2.94862915714644,1.19760479041916
"614","3662","*Xylaria*",0.00532013938765196,"nj","july",0.0255118001824723,0.00532013938765196
"615","3662","Other",1.01356743814844,"nj","july",0.645860735844121,0.494851943491101
"616","3662","Unclassified<br>*Stephanosporaceae*",0.0239425379090184,"nj","july",1.0227528215966,0.00532013938765196
"617","3712","Cultivar Fungus",99.169992019154,"nj","july",93.0169618259276,97.9725415070243
"618","3712","*Cladosporium*",0.00532013938765196,"nj","july",0.0533961759088995,0.00532013938765196
"619","3712","*Lecanicillium*",0.00532013938765196,"nj","july",0.125285630063773,0.00532013938765196
"620","3712","*Meyerozyma*",0.00532013938765196,"nj","july",2.06740736819999,0.00532013938765196
"621","3712","*Oberwinklerozyma*",0.00532013938765196,"nj","july",0.0544205001928202,0.00532013938765196
"622","3712","*Penicillium*",0.00532013938765196,"nj","july",0.0580739057323321,0.00532013938765196
"623","3712","*Scleroderma*",0.00532013938765196,"nj","july",0.0212485852553445,0.00532013938765196
"624","3712","*Trichoderma*",0.518754988028731,"nj","july",2.94862915714644,1.19760479041916
"625","3712","*Xylaria*",0.00532013938765196,"nj","july",0.0255118001824723,0.00532013938765196
"626","3712","Other",0.311252992817239,"nj","july",0.645860735844121,0.494851943491101
"627","3712","Unclassified<br>*Stephanosporaceae*",0.00532013938765196,"nj","july",1.0227528215966,0.00532013938765196
"628","3741","Cultivar Fungus",30.6839039182827,"nj","july",93.0169618259276,97.9725415070243
"629","3741","*Cladosporium*",0.00532013938765196,"nj","july",0.0533961759088995,0.00532013938765196
"630","3741","*Lecanicillium*",0.00532013938765196,"nj","july",0.125285630063773,0.00532013938765196
"631","3741","*Meyerozyma*",0.00532013938765196,"nj","july",2.06740736819999,0.00532013938765196
"632","3741","*Oberwinklerozyma*",0.00532013938765196,"nj","july",0.0544205001928202,0.00532013938765196
"633","3741","*Penicillium*",0.00532013938765196,"nj","july",0.0580739057323321,0.00532013938765196
"634","3741","*Scleroderma*",0.00532013938765196,"nj","july",0.0212485852553445,0.00532013938765196
"635","3741","*Trichoderma*",68.5978772643843,"nj","july",2.94862915714644,1.19760479041916
"636","3741","*Xylaria*",0.00532013938765196,"nj","july",0.0255118001824723,0.00532013938765196
"637","3741","Other",0.606495890192323,"nj","july",0.645860735844121,0.494851943491101
"638","3741","Unclassified<br>*Stephanosporaceae*",0.111722927140691,"nj","july",1.0227528215966,0.00532013938765196
"639","3766","Cultivar Fungus",99.3695634825632,"nj","july",93.0169618259276,97.9725415070243
"640","3766","*Cladosporium*",0.00798020908147793,"nj","july",0.0533961759088995,0.00532013938765196
"641","3766","*Lecanicillium*",0.00532013938765196,"nj","july",0.125285630063773,0.00532013938765196
"642","3766","*Meyerozyma*",0.0558614635703455,"nj","july",2.06740736819999,0.00532013938765196
"643","3766","*Oberwinklerozyma*",0.00532013938765196,"nj","july",0.0544205001928202,0.00532013938765196
"644","3766","*Penicillium*",0.00532013938765196,"nj","july",0.0580739057323321,0.00532013938765196
"645","3766","*Scleroderma*",0.00532013938765196,"nj","july",0.0212485852553445,0.00532013938765196
"646","3766","*Trichoderma*",0.327188572340595,"nj","july",2.94862915714644,1.19760479041916
"647","3766","*Xylaria*",0.00532013938765196,"nj","july",0.0255118001824723,0.00532013938765196
"648","3766","Other",0.239406272444338,"nj","july",0.645860735844121,0.494851943491101
"649","3766","Unclassified<br>*Stephanosporaceae*",0.00532013938765196,"nj","july",1.0227528215966,0.00532013938765196
"650","3790","Cultivar Fungus",2.65740962413215,"nj","july",93.0169618259276,97.9725415070243
"651","3790","*Cladosporium*",1.70776474343628,"nj","july",0.0533961759088995,0.00532013938765196
"652","3790","*Lecanicillium*",3.76665868645759,"nj","july",0.125285630063773,0.00532013938765196
"653","3790","*Meyerozyma*",83.185699465326,"nj","july",2.06740736819999,0.00532013938765196
"654","3790","*Oberwinklerozyma*",2.79307317851728,"nj","july",0.0544205001928202,0.00532013938765196
"655","3790","*Penicillium*",3.28784614156891,"nj","july",0.0580739057323321,0.00532013938765196
"656","3790","*Scleroderma*",0.00532013938765196,"nj","july",0.0212485852553445,0.00532013938765196
"657","3790","*Trichoderma*",0.00532013938765196,"nj","july",2.94862915714644,1.19760479041916
"658","3790","*Xylaria*",0.00532013938765196,"nj","july",0.0255118001824723,0.00532013938765196
"659","3790","Other",2.59356795148033,"nj","july",0.645860735844121,0.494851943491101
"660","3790","Unclassified<br>*Stephanosporaceae*",0.00798020908147793,"nj","july",1.0227528215966,0.00532013938765196
"661","3815","Cultivar Fungus",98.8982915535686,"nj","july",93.0169618259276,97.9725415070243
"662","3815","*Cladosporium*",0.00532013938765196,"nj","july",0.0533961759088995,0.00532013938765196
"663","3815","*Lecanicillium*",0.00532013938765196,"nj","july",0.125285630063773,0.00532013938765196
"664","3815","*Meyerozyma*",0.00532013938765196,"nj","july",2.06740736819999,0.00532013938765196
"665","3815","*Oberwinklerozyma*",0.00532013938765196,"nj","july",0.0544205001928202,0.00532013938765196
"666","3815","*Penicillium*",0.00532013938765196,"nj","july",0.0580739057323321,0.00532013938765196
"667","3815","*Scleroderma*",0.00532013938765196,"nj","july",0.0212485852553445,0.00532013938765196
"668","3815","*Trichoderma*",0.782372664857097,"nj","july",2.94862915714644,1.19760479041916
"669","3815","*Xylaria*",0.00532013938765196,"nj","july",0.0255118001824723,0.00532013938765196
"670","3815","Other",0.319335781574325,"nj","july",0.645860735844121,0.494851943491101
"671","3815","Unclassified<br>*Stephanosporaceae*",0.00532013938765196,"nj","july",1.0227528215966,0.00532013938765196
"672","3827","Cultivar Fungus",98.9865134466523,"nj","july",93.0169618259276,97.9725415070243
"673","3827","*Cladosporium*",0.00532013938765196,"nj","july",0.0533961759088995,0.00532013938765196
"674","3827","*Lecanicillium*",0.00532013938765196,"nj","july",0.125285630063773,0.00532013938765196
"675","3827","*Meyerozyma*",0.00532013938765196,"nj","july",2.06740736819999,0.00532013938765196
"676","3827","*Oberwinklerozyma*",0.00532013938765196,"nj","july",0.0544205001928202,0.00532013938765196
"677","3827","*Penicillium*",0.00532013938765196,"nj","july",0.0580739057323321,0.00532013938765196
"678","3827","*Scleroderma*",0.00532013938765196,"nj","july",0.0212485852553445,0.00532013938765196
"679","3827","*Trichoderma*",0.00532013938765196,"nj","july",2.94862915714644,1.19760479041916
"680","3827","*Xylaria*",0.00532013938765196,"nj","july",0.0255118001824723,0.00532013938765196
"681","3827","Other",1.0134865533477,"nj","july",0.645860735844121,0.494851943491101
"682","3827","Unclassified<br>*Stephanosporaceae*",0.00532013938765196,"nj","july",1.0227528215966,0.00532013938765196
"683","3836","Cultivar Fungus",98.4039581837044,"nj","july",93.0169618259276,97.9725415070243
"684","3836","*Cladosporium*",0.00532013938765196,"nj","july",0.0533961759088995,0.00532013938765196
"685","3836","*Lecanicillium*",0.00532013938765196,"nj","july",0.125285630063773,0.00532013938765196
"686","3836","*Meyerozyma*",0.00532013938765196,"nj","july",2.06740736819999,0.00532013938765196
"687","3836","*Oberwinklerozyma*",0.00532013938765196,"nj","july",0.0544205001928202,0.00532013938765196
"688","3836","*Penicillium*",0.00532013938765196,"nj","july",0.0580739057323321,0.00532013938765196
"689","3836","*Scleroderma*",0.00532013938765196,"nj","july",0.0212485852553445,0.00532013938765196
"690","3836","*Trichoderma*",0.877822998962573,"nj","july",2.94862915714644,1.19760479041916
"691","3836","*Xylaria*",0.00532013938765196,"nj","july",0.0255118001824723,0.00532013938765196
"692","3836","Other",0.718218817333014,"nj","july",0.645860735844121,0.494851943491101
"693","3836","Unclassified<br>*Stephanosporaceae*",0.00532013938765196,"nj","july",1.0227528215966,0.00532013938765196
"694","3852","Cultivar Fungus",99.3695634825632,"nj","july",93.0169618259276,97.9725415070243
"695","3852","*Cladosporium*",0.00532013938765196,"nj","july",0.0533961759088995,0.00532013938765196
"696","3852","*Lecanicillium*",0.00532013938765196,"nj","july",0.125285630063773,0.00532013938765196
"697","3852","*Meyerozyma*",0.00532013938765196,"nj","july",2.06740736819999,0.00532013938765196
"698","3852","*Oberwinklerozyma*",0.00532013938765196,"nj","july",0.0544205001928202,0.00532013938765196
"699","3852","*Penicillium*",0.00532013938765196,"nj","july",0.0580739057323321,0.00532013938765196
"700","3852","*Scleroderma*",0.00532013938765196,"nj","july",0.0212485852553445,0.00532013938765196
"701","3852","*Trichoderma*",0.175564599792515,"nj","july",2.94862915714644,1.19760479041916
"702","3852","*Xylaria*",0.00532013938765196,"nj","july",0.0255118001824723,0.00532013938765196
"703","3852","Other",0.430931290399808,"nj","july",0.645860735844121,0.494851943491101
"704","3852","Unclassified<br>*Stephanosporaceae*",0.0239406272444338,"nj","july",1.0227528215966,0.00532013938765196
"705","3864","Cultivar Fungus",98.6034634107414,"nj","july",93.0169618259276,97.9725415070243
"706","3864","*Cladosporium*",0.00532013938765196,"nj","july",0.0533961759088995,0.00532013938765196
"707","3864","*Lecanicillium*",0.00532013938765196,"nj","july",0.125285630063773,0.00532013938765196
"708","3864","*Meyerozyma*",0.00532013938765196,"nj","july",2.06740736819999,0.00532013938765196
"709","3864","*Oberwinklerozyma*",0.00532013938765196,"nj","july",0.0544205001928202,0.00532013938765196
"710","3864","*Penicillium*",0.00532013938765196,"nj","july",0.0580739057323321,0.00532013938765196
"711","3864","*Scleroderma*",0.00532013938765196,"nj","july",0.0212485852553445,0.00532013938765196
"712","3864","*Trichoderma*",1.11722927140691,"nj","july",2.94862915714644,1.19760479041916
"713","3864","*Xylaria*",0.00532013938765196,"nj","july",0.0255118001824723,0.00532013938765196
"714","3864","Other",0.279307317851728,"nj","july",0.645860735844121,0.494851943491101
"715","3864","Unclassified<br>*Stephanosporaceae*",0.00532013938765196,"nj","july",1.0227528215966,0.00532013938765196
"716","3878","Cultivar Fungus",98.3480967201341,"nj","july",93.0169618259276,97.9725415070243
"717","3878","*Cladosporium*",0.00532013938765196,"nj","july",0.0533961759088995,0.00532013938765196
"718","3878","*Lecanicillium*",0.00532013938765196,"nj","july",0.125285630063773,0.00532013938765196
"719","3878","*Meyerozyma*",0.00532013938765196,"nj","july",2.06740736819999,0.00532013938765196
"720","3878","*Oberwinklerozyma*",0.00532013938765196,"nj","july",0.0544205001928202,0.00532013938765196
"721","3878","*Penicillium*",0.00532013938765196,"nj","july",0.0580739057323321,0.00532013938765196
"722","3878","*Scleroderma*",0.00532013938765196,"nj","july",0.0212485852553445,0.00532013938765196
"723","3878","*Trichoderma*",1.20501157130317,"nj","july",2.94862915714644,1.19760479041916
"724","3878","*Xylaria*",0.00532013938765196,"nj","july",0.0255118001824723,0.00532013938765196
"725","3878","Other",0.414970872236853,"nj","july",0.645860735844121,0.494851943491101
"726","3878","Unclassified<br>*Stephanosporaceae*",0.0319208363259117,"nj","july",1.0227528215966,0.00532013938765196
"727","507","Cultivar Fungus",96.2572819407869,"nj","july",93.0169618259276,97.9725415070243
"728","507","*Cladosporium*",0.00532013938765196,"nj","july",0.0533961759088995,0.00532013938765196
"729","507","*Lecanicillium*",0.00532013938765196,"nj","july",0.125285630063773,0.00532013938765196
"730","507","*Meyerozyma*",0.00532013938765196,"nj","july",2.06740736819999,0.00532013938765196
"731","507","*Oberwinklerozyma*",0.00532013938765196,"nj","july",0.0544205001928202,0.00532013938765196
"732","507","*Penicillium*",0.00532013938765196,"nj","july",0.0580739057323321,0.00532013938765196
"733","507","*Scleroderma*",0.00532013938765196,"nj","july",0.0212485852553445,0.00532013938765196
"734","507","*Trichoderma*",3.43947011411699,"nj","july",2.94862915714644,1.19760479041916
"735","507","*Xylaria*",0.00532013938765196,"nj","july",0.0255118001824723,0.00532013938765196
"736","507","Other",0.303247945096161,"nj","july",0.645860735844121,0.494851943491101
"737","507","Unclassified<br>*Stephanosporaceae*",0.00532013938765196,"nj","july",1.0227528215966,0.00532013938765196
"738","520","Cultivar Fungus",93.4322879259437,"nj","july",93.0169618259276,97.9725415070243
"739","520","*Cladosporium*",0.00532013938765196,"nj","july",0.0533961759088995,0.00532013938765196
"740","520","*Lecanicillium*",0.00532013938765196,"nj","july",0.125285630063773,0.00532013938765196
"741","520","*Meyerozyma*",0.00532013938765196,"nj","july",2.06740736819999,0.00532013938765196
"742","520","*Oberwinklerozyma*",0.00532013938765196,"nj","july",0.0544205001928202,0.00532013938765196
"743","520","*Penicillium*",0.00532013938765196,"nj","july",0.0580739057323321,0.00532013938765196
"744","520","*Scleroderma*",0.00532013938765196,"nj","july",0.0212485852553445,0.00532013938765196
"745","520","*Trichoderma*",6.29638496528609,"nj","july",2.94862915714644,1.19760479041916
"746","520","*Xylaria*",0.00532013938765196,"nj","july",0.0255118001824723,0.00532013938765196
"747","520","Other",0.27132710877025,"nj","july",0.645860735844121,0.494851943491101
"748","520","Unclassified<br>*Stephanosporaceae*",0.00532013938765196,"nj","july",1.0227528215966,0.00532013938765196
"749","547","Cultivar Fungus",99.2338387869114,"nj","july",93.0169618259276,97.9725415070243
"750","547","*Cladosporium*",0.00532013938765196,"nj","july",0.0533961759088995,0.00532013938765196
"751","547","*Lecanicillium*",0.00532013938765196,"nj","july",0.125285630063773,0.00532013938765196
"752","547","*Meyerozyma*",0.00532013938765196,"nj","july",2.06740736819999,0.00532013938765196
"753","547","*Oberwinklerozyma*",0.00532013938765196,"nj","july",0.0544205001928202,0.00532013938765196
"754","547","*Penicillium*",0.00532013938765196,"nj","july",0.0580739057323321,0.00532013938765196
"755","547","*Scleroderma*",0.00532013938765196,"nj","july",0.0212485852553445,0.00532013938765196
"756","547","*Trichoderma*",0.470869912210694,"nj","july",2.94862915714644,1.19760479041916
"757","547","*Xylaria*",0.00532013938765196,"nj","july",0.0255118001824723,0.00532013938765196
"758","547","Other",0.295291300877893,"nj","july",0.645860735844121,0.494851943491101
"759","547","Unclassified<br>*Stephanosporaceae*",0.00532013938765196,"nj","july",1.0227528215966,0.00532013938765196
"760","558","Cultivar Fungus",98.0847498204453,"nj","july",93.0169618259276,97.9725415070243
"761","558","*Cladosporium*",0.00532013938765196,"nj","july",0.0533961759088995,0.00532013938765196
"762","558","*Lecanicillium*",0.00532013938765196,"nj","july",0.125285630063773,0.00532013938765196
"763","558","*Meyerozyma*",0.00532013938765196,"nj","july",2.06740736819999,0.00532013938765196
"764","558","*Oberwinklerozyma*",0.00532013938765196,"nj","july",0.0544205001928202,0.00532013938765196
"765","558","*Penicillium*",0.00532013938765196,"nj","july",0.0580739057323321,0.00532013938765196
"766","558","*Scleroderma*",0.00532013938765196,"nj","july",0.0212485852553445,0.00532013938765196
"767","558","*Trichoderma*",1.4843188891549,"nj","july",2.94862915714644,1.19760479041916
"768","558","*Xylaria*",0.00532013938765196,"nj","july",0.0255118001824723,0.00532013938765196
"769","558","Other",0.430931290399808,"nj","july",0.645860735844121,0.494851943491101
"770","558","Unclassified<br>*Stephanosporaceae*",0.00532013938765196,"nj","july",1.0227528215966,0.00532013938765196
"771","594","Cultivar Fungus",96.4089059133349,"nj","july",93.0169618259276,97.9725415070243
"772","594","*Cladosporium*",0.0159604181629559,"nj","july",0.0533961759088995,0.00532013938765196
"773","594","*Lecanicillium*",0.00532013938765196,"nj","july",0.125285630063773,0.00532013938765196
"774","594","*Meyerozyma*",0.00532013938765196,"nj","july",2.06740736819999,0.00532013938765196
"775","594","*Oberwinklerozyma*",0.00532013938765196,"nj","july",0.0544205001928202,0.00532013938765196
"776","594","*Penicillium*",0.00532013938765196,"nj","july",0.0580739057323321,0.00532013938765196
"777","594","*Scleroderma*",0.00532013938765196,"nj","july",0.0212485852553445,0.00532013938765196
"778","594","*Trichoderma*",1.93121059771766,"nj","july",2.94862915714644,1.19760479041916
"779","594","*Xylaria*",0.00532013938765196,"nj","july",0.0255118001824723,0.00532013938765196
"780","594","Other",1.64392307078445,"nj","july",0.645860735844121,0.494851943491101
"781","594","Unclassified<br>*Stephanosporaceae*",0.00532013938765196,"nj","july",1.0227528215966,0.00532013938765196
"782","597","Cultivar Fungus",93.8312983800176,"nj","july",93.0169618259276,97.9725415070243
"783","597","*Cladosporium*",0.00532013938765196,"nj","july",0.0533961759088995,0.00532013938765196
"784","597","*Lecanicillium*",0.00532013938765196,"nj","july",0.125285630063773,0.00532013938765196
"785","597","*Meyerozyma*",0.00532013938765196,"nj","july",2.06740736819999,0.00532013938765196
"786","597","*Oberwinklerozyma*",0.00532013938765196,"nj","july",0.0544205001928202,0.00532013938765196
"787","597","*Penicillium*",0.00532013938765196,"nj","july",0.0580739057323321,0.00532013938765196
"788","597","*Scleroderma*",0.00532013938765196,"nj","july",0.0212485852553445,0.00532013938765196
"789","597","*Trichoderma*",4.66044210358311,"nj","july",2.94862915714644,1.19760479041916
"790","597","*Xylaria*",0.00532013938765196,"nj","july",0.0255118001824723,0.00532013938765196
"791","597","Other",1.50825951639933,"nj","july",0.645860735844121,0.494851943491101
"792","597","Unclassified<br>*Stephanosporaceae*",0.00532013938765196,"nj","july",1.0227528215966,0.00532013938765196
"793","602","Cultivar Fungus",90.2801053387599,"nj","july",93.0169618259276,97.9725415070243
"794","602","*Cladosporium*",0.00532013938765196,"nj","july",0.0533961759088995,0.00532013938765196
"795","602","*Lecanicillium*",0.00532013938765196,"nj","july",0.125285630063773,0.00532013938765196
"796","602","*Meyerozyma*",0.00532013938765196,"nj","july",2.06740736819999,0.00532013938765196
"797","602","*Oberwinklerozyma*",0.00532013938765196,"nj","july",0.0544205001928202,0.00532013938765196
"798","602","*Penicillium*",0.00532013938765196,"nj","july",0.0580739057323321,0.00532013938765196
"799","602","*Scleroderma*",1.05338759875509,"nj","july",0.0212485852553445,0.00532013938765196
"800","602","*Trichoderma*",6.64751416487112,"nj","july",2.94862915714644,1.19760479041916
"801","602","*Xylaria*",0.00532013938765196,"nj","july",0.0255118001824723,0.00532013938765196
"802","602","Other",2.01899289761392,"nj","july",0.645860735844121,0.494851943491101
"803","602","Unclassified<br>*Stephanosporaceae*",0.00532013938765196,"nj","july",1.0227528215966,0.00532013938765196
"804","610","Cultivar Fungus",96.927619503631,"nj","july",93.0169618259276,97.9725415070243
"805","610","*Cladosporium*",0.00532013938765196,"nj","july",0.0533961759088995,0.00532013938765196
"806","610","*Lecanicillium*",0.00532013938765196,"nj","july",0.125285630063773,0.00532013938765196
"807","610","*Meyerozyma*",0.00532013938765196,"nj","july",2.06740736819999,0.00532013938765196
"808","610","*Oberwinklerozyma*",0.00532013938765196,"nj","july",0.0544205001928202,0.00532013938765196
"809","610","*Penicillium*",0.00532013938765196,"nj","july",0.0580739057323321,0.00532013938765196
"810","610","*Scleroderma*",0.207485436118426,"nj","july",0.0212485852553445,0.00532013938765196
"811","610","*Trichoderma*",2.01899289761392,"nj","july",2.94862915714644,1.19760479041916
"812","610","*Xylaria*",0.00532013938765196,"nj","july",0.0255118001824723,0.00532013938765196
"813","610","Other",0.845902162636661,"nj","july",0.645860735844121,0.494851943491101
"814","610","Unclassified<br>*Stephanosporaceae*",0.00532013938765196,"nj","july",1.0227528215966,0.00532013938765196
"815","614","Cultivar Fungus",99.1062165828745,"nj","july",93.0169618259276,97.9725415070243
"816","614","*Cladosporium*",0.00532013938765196,"nj","july",0.0533961759088995,0.00532013938765196
"817","614","*Lecanicillium*",0.00532013938765196,"nj","july",0.125285630063773,0.00532013938765196
"818","614","*Meyerozyma*",0.00532013938765196,"nj","july",2.06740736819999,0.00532013938765196
"819","614","*Oberwinklerozyma*",0.00532013938765196,"nj","july",0.0544205001928202,0.00532013938765196
"820","614","*Penicillium*",0.00532013938765196,"nj","july",0.0580739057323321,0.00532013938765196
"821","614","*Scleroderma*",0.00532013938765196,"nj","july",0.0212485852553445,0.00532013938765196
"822","614","*Trichoderma*",0.5426542175405,"nj","july",2.94862915714644,1.19760479041916
"823","614","*Xylaria*",0.00532013938765196,"nj","july",0.0255118001824723,0.00532013938765196
"824","614","Other",0.351129199585029,"nj","july",0.645860735844121,0.494851943491101
"825","614","Unclassified<br>*Stephanosporaceae*",0.00532013938765196,"nj","july",1.0227528215966,0.00532013938765196
"826","625","Cultivar Fungus",99.2738009735855,"nj","july",93.0169618259276,97.9725415070243
"827","625","*Cladosporium*",0.00532013938765196,"nj","july",0.0533961759088995,0.00532013938765196
"828","625","*Lecanicillium*",0.00532013938765196,"nj","july",0.125285630063773,0.00532013938765196
"829","625","*Meyerozyma*",0.00532013938765196,"nj","july",2.06740736819999,0.00532013938765196
"830","625","*Oberwinklerozyma*",0.00532013938765196,"nj","july",0.0544205001928202,0.00532013938765196
"831","625","*Penicillium*",0.00532013938765196,"nj","july",0.0580739057323321,0.00532013938765196
"832","625","*Scleroderma*",0.00798020908147793,"nj","july",0.0212485852553445,0.00532013938765196
"833","625","*Trichoderma*",0.159604181629559,"nj","july",2.94862915714644,1.19760479041916
"834","625","*Xylaria*",0.00532013938765196,"nj","july",0.0255118001824723,0.00532013938765196
"835","625","Other",0.558614635703455,"nj","july",0.645860735844121,0.494851943491101
"836","625","Unclassified<br>*Stephanosporaceae*",0.00532013938765196,"nj","july",1.0227528215966,0.00532013938765196
"837","628","Cultivar Fungus",96.8635275339186,"nj","july",93.0169618259276,97.9725415070243
"838","628","*Cladosporium*",0.00532013938765196,"nj","july",0.0533961759088995,0.00532013938765196
"839","628","*Lecanicillium*",0.00532013938765196,"nj","july",0.125285630063773,0.00532013938765196
"840","628","*Meyerozyma*",0.00532013938765196,"nj","july",2.06740736819999,0.00532013938765196
"841","628","*Oberwinklerozyma*",0.00532013938765196,"nj","july",0.0544205001928202,0.00532013938765196
"842","628","*Penicillium*",0.00532013938765196,"nj","july",0.0580739057323321,0.00532013938765196
"843","628","*Scleroderma*",0.00532013938765196,"nj","july",0.0212485852553445,0.00532013938765196
"844","628","*Trichoderma*",2.42617717478053,"nj","july",2.94862915714644,1.19760479041916
"845","628","*Xylaria*",0.00532013938765196,"nj","july",0.0255118001824723,0.00532013938765196
"846","628","Other",0.702314445331205,"nj","july",0.645860735844121,0.494851943491101
"847","628","Unclassified<br>*Stephanosporaceae*",0.00798084596967279,"nj","july",1.0227528215966,0.00532013938765196
"848","631","Cultivar Fungus",98.6433644561487,"nj","july",93.0169618259276,97.9725415070243
"849","631","*Cladosporium*",0.00532013938765196,"nj","july",0.0533961759088995,0.00532013938765196
"850","631","*Lecanicillium*",0.00532013938765196,"nj","july",0.125285630063773,0.00532013938765196
"851","631","*Meyerozyma*",0.00532013938765196,"nj","july",2.06740736819999,0.00532013938765196
"852","631","*Oberwinklerozyma*",0.00532013938765196,"nj","july",0.0544205001928202,0.00532013938765196
"853","631","*Penicillium*",0.00532013938765196,"nj","july",0.0580739057323321,0.00532013938765196
"854","631","*Scleroderma*",0.00532013938765196,"nj","july",0.0212485852553445,0.00532013938765196
"855","631","*Trichoderma*",1.03742718059213,"nj","july",2.94862915714644,1.19760479041916
"856","631","*Xylaria*",0.00532013938765196,"nj","july",0.0255118001824723,0.00532013938765196
"857","631","Other",0.319208363259117,"nj","july",0.645860735844121,0.494851943491101
"858","631","Unclassified<br>*Stephanosporaceae*",0.00532013938765196,"nj","july",1.0227528215966,0.00532013938765196
"859","641","Cultivar Fungus",98.0687894022823,"nj","july",93.0169618259276,97.9725415070243
"860","641","*Cladosporium*",0.00532013938765196,"nj","july",0.0533961759088995,0.00532013938765196
"861","641","*Lecanicillium*",0.00532013938765196,"nj","july",0.125285630063773,0.00532013938765196
"862","641","*Meyerozyma*",0.00532013938765196,"nj","july",2.06740736819999,0.00532013938765196
"863","641","*Oberwinklerozyma*",0.00532013938765196,"nj","july",0.0544205001928202,0.00532013938765196
"864","641","*Penicillium*",0.00532013938765196,"nj","july",0.0580739057323321,0.00532013938765196
"865","641","*Scleroderma*",0.00532013938765196,"nj","july",0.0212485852553445,0.00532013938765196
"866","641","*Trichoderma*",1.52421993456229,"nj","july",2.94862915714644,1.19760479041916
"867","641","*Xylaria*",0.00532013938765196,"nj","july",0.0255118001824723,0.00532013938765196
"868","641","Other",0.406990663155375,"nj","july",0.645860735844121,0.494851943491101
"869","641","Unclassified<br>*Stephanosporaceae*",0.00532013938765196,"nj","july",1.0227528215966,0.00532013938765196
"870","650","Cultivar Fungus",97.0233820126087,"nj","july",93.0169618259276,97.9725415070243
"871","650","*Cladosporium*",0.00532013938765196,"nj","july",0.0533961759088995,0.00532013938765196
"872","650","*Lecanicillium*",0.00532013938765196,"nj","july",0.125285630063773,0.00532013938765196
"873","650","*Meyerozyma*",0.00532013938765196,"nj","july",2.06740736819999,0.00532013938765196
"874","650","*Oberwinklerozyma*",0.00532013938765196,"nj","july",0.0544205001928202,0.00532013938765196
"875","650","*Penicillium*",0.00532013938765196,"nj","july",0.0580739057323321,0.00532013938765196
"876","650","*Scleroderma*",0.00532013938765196,"nj","july",0.0212485852553445,0.00532013938765196
"877","650","*Trichoderma*",2.4579043970952,"nj","july",2.94862915714644,1.19760479041916
"878","650","*Xylaria*",0.00532013938765196,"nj","july",0.0255118001824723,0.00532013938765196
"879","650","Other",0.518713590296066,"nj","july",0.645860735844121,0.494851943491101
"880","650","Unclassified<br>*Stephanosporaceae*",0.00532013938765196,"nj","july",1.0227528215966,0.00532013938765196
"881","660","Cultivar Fungus",96.6722528130237,"nj","july",93.0169618259276,97.9725415070243
"882","660","*Cladosporium*",0.00532013938765196,"nj","july",0.0533961759088995,0.00532013938765196
"883","660","*Lecanicillium*",0.00532013938765196,"nj","july",0.125285630063773,0.00532013938765196
"884","660","*Meyerozyma*",0.00532013938765196,"nj","july",2.06740736819999,0.00532013938765196
"885","660","*Oberwinklerozyma*",0.00532013938765196,"nj","july",0.0544205001928202,0.00532013938765196
"886","660","*Penicillium*",0.00532013938765196,"nj","july",0.0580739057323321,0.00532013938765196
"887","660","*Scleroderma*",0.00532013938765196,"nj","july",0.0212485852553445,0.00532013938765196
"888","660","*Trichoderma*",2.87287526933206,"nj","july",2.94862915714644,1.19760479041916
"889","660","*Xylaria*",0.00532013938765196,"nj","july",0.0255118001824723,0.00532013938765196
"890","660","Other",0.454871917644242,"nj","july",0.645860735844121,0.494851943491101
"891","660","Unclassified<br>*Stephanosporaceae*",0.00532013938765196,"nj","july",1.0227528215966,0.00532013938765196
"892","690","Cultivar Fungus",98.8428696831857,"nj","july",93.0169618259276,97.9725415070243
"893","690","*Cladosporium*",0.00532013938765196,"nj","july",0.0533961759088995,0.00532013938765196
"894","690","*Lecanicillium*",0.00532013938765196,"nj","july",0.125285630063773,0.00532013938765196
"895","690","*Meyerozyma*",0.00532013938765196,"nj","july",2.06740736819999,0.00532013938765196
"896","690","*Oberwinklerozyma*",0.00532013938765196,"nj","july",0.0544205001928202,0.00532013938765196
"897","690","*Penicillium*",0.00532013938765196,"nj","july",0.0580739057323321,0.00532013938765196
"898","690","*Scleroderma*",0.00532013938765196,"nj","july",0.0212485852553445,0.00532013938765196
"899","690","*Trichoderma*",0.69427819008858,"nj","july",2.94862915714644,1.19760479041916
"900","690","*Xylaria*",0.00532013938765196,"nj","july",0.0255118001824723,0.00532013938765196
"901","690","Other",0.46285212672572,"nj","july",0.645860735844121,0.494851943491101
"902","690","Unclassified<br>*Stephanosporaceae*",0.00532013938765196,"nj","july",1.0227528215966,0.00532013938765196
"903","906","Cultivar Fungus",98.5715425744154,"fl","june",93.0169618259276,97.9725415070243
"904","906","*Cladosporium*",0.00532013938765196,"fl","june",0.0533961759088995,0.00532013938765196
"905","906","*Lecanicillium*",0.00532013938765196,"fl","june",0.125285630063773,0.00532013938765196
"906","906","*Meyerozyma*",0.00532013938765196,"fl","june",2.06740736819999,0.00532013938765196
"907","906","*Oberwinklerozyma*",0.00532013938765196,"fl","june",0.0544205001928202,0.00532013938765196
"908","906","*Penicillium*",0.00532013938765196,"fl","june",0.0580739057323321,0.00532013938765196
"909","906","*Scleroderma*",0.00532013938765196,"fl","june",0.0212485852553445,0.00532013938765196
"910","906","*Trichoderma*",1.03742718059213,"fl","june",2.94862915714644,1.19760479041916
"911","906","*Xylaria*",0.00532013938765196,"fl","june",0.0255118001824723,0.00532013938765196
"912","906","Other",0.391030244992419,"fl","june",0.645860735844121,0.494851943491101
"913","906","Unclassified<br>*Stephanosporaceae*",0.00532013938765196,"fl","june",1.0227528215966,0.00532013938765196
